--------------------------------------------------------
-- Archivo creado  - jueves-mayo-28-2020   
--------------------------------------------------------
--------------------------------------------------------
--  DDL for Table AREA
--------------------------------------------------------

  CREATE TABLE "AREA" 
   (	"ID_AREA" NUMBER, 
	"NOMBRE" VARCHAR2(200)
   ) SEGMENT CREATION IMMEDIATE 
  PCTFREE 10 PCTUSED 40 INITRANS 1 MAXTRANS 255 
 NOCOMPRESS LOGGING
  STORAGE(INITIAL 65536 NEXT 1048576 MINEXTENTS 1 MAXEXTENTS 2147483645
  PCTINCREASE 0 FREELISTS 1 FREELIST GROUPS 1
  BUFFER_POOL DEFAULT FLASH_CACHE DEFAULT CELL_FLASH_CACHE DEFAULT)
  TABLESPACE "USERS" ;
--------------------------------------------------------
--  DDL for Table USUARIOS
--------------------------------------------------------

  CREATE TABLE "USUARIOS" 
   (	"ID_USUARIO" NUMBER, 
	"ID_TIPO_DOCUMENTO" NUMBER, 
	"DOCUMENTO" VARCHAR2(20), 
	"NOMBRES" VARCHAR2(50), 
	"APELLIDOS" VARCHAR2(50), 
	"ID_GRADO" NUMBER, 
	"ID_UNIDAD" NUMBER, 
	"EMAIL" VARCHAR2(100), 
	"CONTRASENA" VARCHAR2(50), 
	"TELEFONO" VARCHAR2(50), 
	"USUARIO" VARCHAR2(50), 
	"PERFIL" NUMBER
   ) SEGMENT CREATION IMMEDIATE 
  PCTFREE 10 PCTUSED 40 INITRANS 1 MAXTRANS 255 
 NOCOMPRESS LOGGING
  STORAGE(INITIAL 65536 NEXT 1048576 MINEXTENTS 1 MAXEXTENTS 2147483645
  PCTINCREASE 0 FREELISTS 1 FREELIST GROUPS 1
  BUFFER_POOL DEFAULT FLASH_CACHE DEFAULT CELL_FLASH_CACHE DEFAULT)
  TABLESPACE "USERS" ;
--------------------------------------------------------
--  DDL for Table RED_INVESTIGACION
--------------------------------------------------------

  CREATE TABLE "RED_INVESTIGACION" 
   (	"ID_RED" NUMBER, 
	"NOMBRE_RED" VARCHAR2(500), 
	"ENTIDAD" VARCHAR2(2000), 
	"ANO_CREACION" VARCHAR2(20), 
	"SEDE_DEPTO" VARCHAR2(50), 
	"SEDE_CIUDAD" VARCHAR2(50)
   ) SEGMENT CREATION IMMEDIATE 
  PCTFREE 10 PCTUSED 40 INITRANS 1 MAXTRANS 255 
 NOCOMPRESS LOGGING
  STORAGE(INITIAL 65536 NEXT 1048576 MINEXTENTS 1 MAXEXTENTS 2147483645
  PCTINCREASE 0 FREELISTS 1 FREELIST GROUPS 1
  BUFFER_POOL DEFAULT FLASH_CACHE DEFAULT CELL_FLASH_CACHE DEFAULT)
  TABLESPACE "USERS" ;
--------------------------------------------------------
--  DDL for Table TIPO
--------------------------------------------------------

  CREATE TABLE "TIPO" 
   (	"ID_TIPO" NUMBER, 
	"DESCRIPCION" VARCHAR2(50)
   ) SEGMENT CREATION IMMEDIATE 
  PCTFREE 10 PCTUSED 40 INITRANS 1 MAXTRANS 255 
 NOCOMPRESS LOGGING
  STORAGE(INITIAL 65536 NEXT 1048576 MINEXTENTS 1 MAXEXTENTS 2147483645
  PCTINCREASE 0 FREELISTS 1 FREELIST GROUPS 1
  BUFFER_POOL DEFAULT FLASH_CACHE DEFAULT CELL_FLASH_CACHE DEFAULT)
  TABLESPACE "USERS" ;
--------------------------------------------------------
--  DDL for Table LINEA
--------------------------------------------------------

  CREATE TABLE "LINEA" 
   (	"ID_LINEA" NUMBER, 
	"NOMBRE" VARCHAR2(200)
   ) SEGMENT CREATION IMMEDIATE 
  PCTFREE 10 PCTUSED 40 INITRANS 1 MAXTRANS 255 
 NOCOMPRESS LOGGING
  STORAGE(INITIAL 65536 NEXT 1048576 MINEXTENTS 1 MAXEXTENTS 2147483645
  PCTINCREASE 0 FREELISTS 1 FREELIST GROUPS 1
  BUFFER_POOL DEFAULT FLASH_CACHE DEFAULT CELL_FLASH_CACHE DEFAULT)
  TABLESPACE "USERS" ;
--------------------------------------------------------
--  DDL for Table ESTIMULOS_SEMILLERO
--------------------------------------------------------

  CREATE TABLE "ESTIMULOS_SEMILLERO" 
   (	"ID_SEMILLERO" NUMBER, 
	"CONDECORACIONES" VARCHAR2(1), 
	"FELICITACIONES" VARCHAR2(1), 
	"PERSONAJE_MES" VARCHAR2(1), 
	"PERMISO" VARCHAR2(1), 
	"ESTATUILLAS" VARCHAR2(1), 
	"MONEDAS" VARCHAR2(1), 
	"CAPACITACIONES" VARCHAR2(1)
   ) SEGMENT CREATION DEFERRED 
  PCTFREE 10 PCTUSED 40 INITRANS 1 MAXTRANS 255 
 NOCOMPRESS LOGGING
  TABLESPACE "USERS" ;
--------------------------------------------------------
--  DDL for Table ESTIMULOS_INVESTIGACION
--------------------------------------------------------

  CREATE TABLE "ESTIMULOS_INVESTIGACION" 
   (	"ID_INVESTIGACION" VARCHAR2(50), 
	"CONDECORACIONES" VARCHAR2(1), 
	"FELICITACIONES" VARCHAR2(1), 
	"PERSONAJE_MES" VARCHAR2(1), 
	"PERMISO" VARCHAR2(1), 
	"ESTATUILLAS" VARCHAR2(1), 
	"MONEDAS" VARCHAR2(1), 
	"CAPACITACIONES" VARCHAR2(1)
   ) SEGMENT CREATION IMMEDIATE 
  PCTFREE 10 PCTUSED 40 INITRANS 1 MAXTRANS 255 
 NOCOMPRESS LOGGING
  STORAGE(INITIAL 65536 NEXT 1048576 MINEXTENTS 1 MAXEXTENTS 2147483645
  PCTINCREASE 0 FREELISTS 1 FREELIST GROUPS 1
  BUFFER_POOL DEFAULT FLASH_CACHE DEFAULT CELL_FLASH_CACHE DEFAULT)
  TABLESPACE "USERS" ;
--------------------------------------------------------
--  DDL for Table AREA_LINEA_SEMILLERO
--------------------------------------------------------

  CREATE TABLE "AREA_LINEA_SEMILLERO" 
   (	"ID_SEMILLERO" NUMBER, 
	"ID_AREA" NUMBER, 
	"ID_LINEA" NUMBER
   ) SEGMENT CREATION DEFERRED 
  PCTFREE 10 PCTUSED 40 INITRANS 1 MAXTRANS 255 
 NOCOMPRESS LOGGING
  TABLESPACE "USERS" ;
--------------------------------------------------------
--  DDL for Table AREA_LINEA
--------------------------------------------------------

  CREATE TABLE "AREA_LINEA" 
   (	"ID_AREA" NUMBER, 
	"ID_LINEA" NUMBER
   ) SEGMENT CREATION IMMEDIATE 
  PCTFREE 10 PCTUSED 40 INITRANS 1 MAXTRANS 255 
 NOCOMPRESS LOGGING
  STORAGE(INITIAL 65536 NEXT 1048576 MINEXTENTS 1 MAXEXTENTS 2147483645
  PCTINCREASE 0 FREELISTS 1 FREELIST GROUPS 1
  BUFFER_POOL DEFAULT FLASH_CACHE DEFAULT CELL_FLASH_CACHE DEFAULT)
  TABLESPACE "USERS" ;
--------------------------------------------------------
--  DDL for Table INVESTIGADORES_INVESTIGACION
--------------------------------------------------------

  CREATE TABLE "INVESTIGADORES_INVESTIGACION" 
   (	"ID_INVESTIGACION" VARCHAR2(50), 
	"ID_INVESTIGADOR" NUMBER
   ) SEGMENT CREATION IMMEDIATE 
  PCTFREE 10 PCTUSED 40 INITRANS 1 MAXTRANS 255 
 NOCOMPRESS LOGGING
  STORAGE(INITIAL 65536 NEXT 1048576 MINEXTENTS 1 MAXEXTENTS 2147483645
  PCTINCREASE 0 FREELISTS 1 FREELIST GROUPS 1
  BUFFER_POOL DEFAULT FLASH_CACHE DEFAULT CELL_FLASH_CACHE DEFAULT)
  TABLESPACE "USERS" ;
--------------------------------------------------------
--  DDL for Table EVENTOS_SEMILLERO
--------------------------------------------------------

  CREATE TABLE "EVENTOS_SEMILLERO" 
   (	"ID_SEMILLERO" NUMBER, 
	"TIPO" VARCHAR2(50), 
	"PARTICIPACION" VARCHAR2(50), 
	"FECHA" VARCHAR2(20), 
	"TIPO_REGION" VARCHAR2(1), 
	"DESC_REGION" VARCHAR2(100), 
	"DESC_SUBREGION" VARCHAR2(100)
   ) SEGMENT CREATION DEFERRED 
  PCTFREE 10 PCTUSED 40 INITRANS 1 MAXTRANS 255 
 NOCOMPRESS LOGGING
  TABLESPACE "USERS" ;
--------------------------------------------------------
--  DDL for Table CASO_EMBLEMATICO
--------------------------------------------------------

  CREATE TABLE "CASO_EMBLEMATICO" 
   (	"ID_CASO" NUMBER, 
	"NOMBRE_CASO" VARCHAR2(500), 
	"LUGAR_AFECTACION" VARCHAR2(500), 
	"ACTIVIDADES" VARCHAR2(2000)
   ) SEGMENT CREATION IMMEDIATE 
  PCTFREE 10 PCTUSED 40 INITRANS 1 MAXTRANS 255 
 NOCOMPRESS LOGGING
  STORAGE(INITIAL 65536 NEXT 1048576 MINEXTENTS 1 MAXEXTENTS 2147483645
  PCTINCREASE 0 FREELISTS 1 FREELIST GROUPS 1
  BUFFER_POOL DEFAULT FLASH_CACHE DEFAULT CELL_FLASH_CACHE DEFAULT)
  TABLESPACE "USERS" ;
--------------------------------------------------------
--  DDL for Table EVENTOS_INVESTIGACION
--------------------------------------------------------

  CREATE TABLE "EVENTOS_INVESTIGACION" 
   (	"ID_INVESTIGACION" VARCHAR2(50), 
	"TIPO" VARCHAR2(50), 
	"PARTICIPACION" VARCHAR2(50), 
	"FECHA" VARCHAR2(20), 
	"TIPO_REGION" VARCHAR2(1), 
	"DESC_REGION" VARCHAR2(100), 
	"DESC_SUBREGION" VARCHAR2(100)
   ) SEGMENT CREATION IMMEDIATE 
  PCTFREE 10 PCTUSED 40 INITRANS 1 MAXTRANS 255 
 NOCOMPRESS LOGGING
  STORAGE(INITIAL 65536 NEXT 1048576 MINEXTENTS 1 MAXEXTENTS 2147483645
  PCTINCREASE 0 FREELISTS 1 FREELIST GROUPS 1
  BUFFER_POOL DEFAULT FLASH_CACHE DEFAULT CELL_FLASH_CACHE DEFAULT)
  TABLESPACE "USERS" ;
--------------------------------------------------------
--  DDL for Table INVESTIGADOR_CASO_EMB
--------------------------------------------------------

  CREATE TABLE "INVESTIGADOR_CASO_EMB" 
   (	"ID_CASO" NUMBER, 
	"ID_INVESTIGADOR" NUMBER
   ) SEGMENT CREATION DEFERRED 
  PCTFREE 10 PCTUSED 40 INITRANS 1 MAXTRANS 255 
 NOCOMPRESS LOGGING
  TABLESPACE "USERS" ;
--------------------------------------------------------
--  DDL for Table AREA_LINEA_INVESTIGACION
--------------------------------------------------------

  CREATE TABLE "AREA_LINEA_INVESTIGACION" 
   (	"ID_INVESTIGACION" VARCHAR2(50), 
	"ID_AREA" NUMBER, 
	"ID_LINEA" NUMBER
   ) SEGMENT CREATION IMMEDIATE 
  PCTFREE 10 PCTUSED 40 INITRANS 1 MAXTRANS 255 
 NOCOMPRESS LOGGING
  STORAGE(INITIAL 65536 NEXT 1048576 MINEXTENTS 1 MAXEXTENTS 2147483645
  PCTINCREASE 0 FREELISTS 1 FREELIST GROUPS 1
  BUFFER_POOL DEFAULT FLASH_CACHE DEFAULT CELL_FLASH_CACHE DEFAULT)
  TABLESPACE "USERS" ;
--------------------------------------------------------
--  DDL for Table PRESUPUESTO_INVESTIGACION
--------------------------------------------------------

  CREATE TABLE "PRESUPUESTO_INVESTIGACION" 
   (	"ID_INVESTIGACION" VARCHAR2(50), 
	"NOMBRE_PRESUPUESTO" VARCHAR2(100), 
	"DESC_PRESUPUESTO" VARCHAR2(500), 
	"APORTE" NUMBER
   ) SEGMENT CREATION IMMEDIATE 
  PCTFREE 10 PCTUSED 40 INITRANS 1 MAXTRANS 255 
 NOCOMPRESS LOGGING
  STORAGE(INITIAL 65536 NEXT 1048576 MINEXTENTS 1 MAXEXTENTS 2147483645
  PCTINCREASE 0 FREELISTS 1 FREELIST GROUPS 1
  BUFFER_POOL DEFAULT FLASH_CACHE DEFAULT CELL_FLASH_CACHE DEFAULT)
  TABLESPACE "USERS" ;
--------------------------------------------------------
--  DDL for Table INVESTIGADOR
--------------------------------------------------------

  CREATE TABLE "INVESTIGADOR" 
   (	"ID_INVESTIGADOR" NUMBER, 
	"ID_GRADO" NUMBER, 
	"DOCUMENTO" VARCHAR2(20), 
	"NOMBRES" VARCHAR2(100), 
	"APELLIDOS" VARCHAR2(100), 
	"EMAIL" VARCHAR2(50), 
	"TELEFONO" VARCHAR2(50), 
	"DIRECCION" VARCHAR2(100), 
	"ESTUDIOS" VARCHAR2(50), 
	"CATEGORIZADO" VARCHAR2(2), 
	"CATEGORIZADO_VALOR" VARCHAR2(50), 
	"PROFESOR" VARCHAR2(2), 
	"ESTUDIANTE" VARCHAR2(2)
   ) SEGMENT CREATION IMMEDIATE 
  PCTFREE 10 PCTUSED 40 INITRANS 1 MAXTRANS 255 
 NOCOMPRESS LOGGING
  STORAGE(INITIAL 65536 NEXT 1048576 MINEXTENTS 1 MAXEXTENTS 2147483645
  PCTINCREASE 0 FREELISTS 1 FREELIST GROUPS 1
  BUFFER_POOL DEFAULT FLASH_CACHE DEFAULT CELL_FLASH_CACHE DEFAULT)
  TABLESPACE "USERS" ;
--------------------------------------------------------
--  DDL for Table PARAMETRO
--------------------------------------------------------

  CREATE TABLE "PARAMETRO" 
   (	"ID_PARAMETRO" NUMBER, 
	"TAG" VARCHAR2(10), 
	"VALOR_NUMERO" NUMBER, 
	"VALOR_CARACTER" VARCHAR2(4000), 
	"VALOR_FECHA" DATE, 
	"ESTADO" NUMBER
   ) SEGMENT CREATION IMMEDIATE 
  PCTFREE 10 PCTUSED 40 INITRANS 1 MAXTRANS 255 
 NOCOMPRESS LOGGING
  STORAGE(INITIAL 65536 NEXT 1048576 MINEXTENTS 1 MAXEXTENTS 2147483645
  PCTINCREASE 0 FREELISTS 1 FREELIST GROUPS 1
  BUFFER_POOL DEFAULT FLASH_CACHE DEFAULT CELL_FLASH_CACHE DEFAULT)
  TABLESPACE "USERS" ;
--------------------------------------------------------
--  DDL for Table GRADO
--------------------------------------------------------

  CREATE TABLE "GRADO" 
   (	"ID_GRADO" NUMBER, 
	"DESCRIPCION" VARCHAR2(50), 
	"SIGLA" VARCHAR2(10)
   ) SEGMENT CREATION IMMEDIATE 
  PCTFREE 10 PCTUSED 40 INITRANS 1 MAXTRANS 255 
 NOCOMPRESS LOGGING
  STORAGE(INITIAL 65536 NEXT 1048576 MINEXTENTS 1 MAXEXTENTS 2147483645
  PCTINCREASE 0 FREELISTS 1 FREELIST GROUPS 1
  BUFFER_POOL DEFAULT FLASH_CACHE DEFAULT CELL_FLASH_CACHE DEFAULT)
  TABLESPACE "USERS" ;
--------------------------------------------------------
--  DDL for Table SEMILLERO
--------------------------------------------------------

  CREATE TABLE "SEMILLERO" 
   (	"ID_SEMILLERO" NUMBER, 
	"NOMBRE_SEMILLERO" VARCHAR2(500), 
	"ID_UNIDAD" NUMBER
   ) SEGMENT CREATION DEFERRED 
  PCTFREE 10 PCTUSED 40 INITRANS 1 MAXTRANS 255 
 NOCOMPRESS LOGGING
  TABLESPACE "USERS" ;
--------------------------------------------------------
--  DDL for Table PRODUCTO_INVESTIGACION
--------------------------------------------------------

  CREATE TABLE "PRODUCTO_INVESTIGACION" 
   (	"ID_INVESTIGACION" VARCHAR2(50), 
	"TIPO_PRODUCTO" VARCHAR2(50), 
	"AUTOR" VARCHAR2(500), 
	"NOMBRE_REVISTA" VARCHAR2(100), 
	"NOMBRE_ARTICULO" VARCHAR2(500), 
	"ANO" VARCHAR2(20), 
	"CODIGO_ISSN" VARCHAR2(100), 
	"CODIGO_ISBN" VARCHAR2(100), 
	"NOMBRE_LIBRO" VARCHAR2(200), 
	"PAGINA_INICIO" NUMBER, 
	"PAGINA_FINAL" NUMBER, 
	"EDITORIAL" VARCHAR2(100), 
	"FECHA_PUBLICACION" VARCHAR2(10)
   ) SEGMENT CREATION IMMEDIATE 
  PCTFREE 10 PCTUSED 40 INITRANS 1 MAXTRANS 255 
 NOCOMPRESS LOGGING
  STORAGE(INITIAL 65536 NEXT 1048576 MINEXTENTS 1 MAXEXTENTS 2147483645
  PCTINCREASE 0 FREELISTS 1 FREELIST GROUPS 1
  BUFFER_POOL DEFAULT FLASH_CACHE DEFAULT CELL_FLASH_CACHE DEFAULT)
  TABLESPACE "USERS" ;
--------------------------------------------------------
--  DDL for Table TIPO_DOCUMENTO
--------------------------------------------------------

  CREATE TABLE "TIPO_DOCUMENTO" 
   (	"ID_TIPO_DOCUMENTO" NUMBER, 
	"VALOR" VARCHAR2(2), 
	"DESCRIPCION" VARCHAR2(50)
   ) SEGMENT CREATION IMMEDIATE 
  PCTFREE 10 PCTUSED 40 INITRANS 1 MAXTRANS 255 
 NOCOMPRESS LOGGING
  STORAGE(INITIAL 65536 NEXT 1048576 MINEXTENTS 1 MAXEXTENTS 2147483645
  PCTINCREASE 0 FREELISTS 1 FREELIST GROUPS 1
  BUFFER_POOL DEFAULT FLASH_CACHE DEFAULT CELL_FLASH_CACHE DEFAULT)
  TABLESPACE "USERS" ;
--------------------------------------------------------
--  DDL for Table UNIDAD
--------------------------------------------------------

  CREATE TABLE "UNIDAD" 
   (	"ID_UNIDAD" NUMBER, 
	"SIGLA" VARCHAR2(20), 
	"DESCRIPCION" VARCHAR2(200), 
	"ID_TIPO" NUMBER
   ) SEGMENT CREATION IMMEDIATE 
  PCTFREE 10 PCTUSED 40 INITRANS 1 MAXTRANS 255 
 NOCOMPRESS LOGGING
  STORAGE(INITIAL 65536 NEXT 1048576 MINEXTENTS 1 MAXEXTENTS 2147483645
  PCTINCREASE 0 FREELISTS 1 FREELIST GROUPS 1
  BUFFER_POOL DEFAULT FLASH_CACHE DEFAULT CELL_FLASH_CACHE DEFAULT)
  TABLESPACE "USERS" ;
--------------------------------------------------------
--  DDL for Table INVESTIGADORES_SEMILLERO
--------------------------------------------------------

  CREATE TABLE "INVESTIGADORES_SEMILLERO" 
   (	"ID_SEMILLERO" NUMBER, 
	"ID_INVESTIGADOR" NUMBER
   ) SEGMENT CREATION DEFERRED 
  PCTFREE 10 PCTUSED 40 INITRANS 1 MAXTRANS 255 
 NOCOMPRESS LOGGING
  TABLESPACE "USERS" ;
--------------------------------------------------------
--  DDL for Table INVESTIGACION
--------------------------------------------------------

  CREATE TABLE "INVESTIGACION" 
   (	"ID_INVESTIGACION" VARCHAR2(50), 
	"TITULO" VARCHAR2(200), 
	"DIRECCION" NUMBER, 
	"ANO" VARCHAR2(20), 
	"PARTICIPACION" VARCHAR2(2), 
	"EXP_PARTICIPA" VARCHAR2(200), 
	"ESCUELA" NUMBER, 
	"ESTADO" NUMBER, 
	"FORMULARIO" CLOB
   ) SEGMENT CREATION IMMEDIATE 
  PCTFREE 10 PCTUSED 40 INITRANS 1 MAXTRANS 255 
 NOCOMPRESS LOGGING
  STORAGE(INITIAL 65536 NEXT 1048576 MINEXTENTS 1 MAXEXTENTS 2147483645
  PCTINCREASE 0 FREELISTS 1 FREELIST GROUPS 1
  BUFFER_POOL DEFAULT FLASH_CACHE DEFAULT CELL_FLASH_CACHE DEFAULT)
  TABLESPACE "USERS" 
 LOB ("FORMULARIO") STORE AS SECUREFILE (
  TABLESPACE "USERS" ENABLE STORAGE IN ROW CHUNK 8192
  NOCACHE LOGGING  NOCOMPRESS  KEEP_DUPLICATES 
  STORAGE(INITIAL 106496 NEXT 1048576 MINEXTENTS 1 MAXEXTENTS 2147483645
  PCTINCREASE 0
  BUFFER_POOL DEFAULT FLASH_CACHE DEFAULT CELL_FLASH_CACHE DEFAULT)) ;
REM INSERTING into AREA
SET DEFINE OFF;
Insert into AREA (ID_AREA,NOMBRE) values ('1','POSCONFLICTO Y CONSOLIDACION DE LA PAZ');
Insert into AREA (ID_AREA,NOMBRE) values ('2','COORDINACIÓN Y ARTICULACIÓN DEL SERVICIO');
Insert into AREA (ID_AREA,NOMBRE) values ('3','ADMINISTRATIVA');
Insert into AREA (ID_AREA,NOMBRE) values ('4','TALENTO HUMANO');
Insert into AREA (ID_AREA,NOMBRE) values ('5','EDUCACIÓN');
Insert into AREA (ID_AREA,NOMBRE) values ('6','SALUD');
Insert into AREA (ID_AREA,NOMBRE) values ('7','AMBIENTAL');
Insert into AREA (ID_AREA,NOMBRE) values ('8','SOCIAL');
Insert into AREA (ID_AREA,NOMBRE) values ('9','JURÍDICA');
Insert into AREA (ID_AREA,NOMBRE) values ('10','CRIMINAL');
Insert into AREA (ID_AREA,NOMBRE) values ('11','SERVICIO DE POLICÍA');
Insert into AREA (ID_AREA,NOMBRE) values ('12','TÉCNICA Y TECNOLÓGICA');
REM INSERTING into USUARIOS
SET DEFINE OFF;
Insert into USUARIOS (ID_USUARIO,ID_TIPO_DOCUMENTO,DOCUMENTO,NOMBRES,APELLIDOS,ID_GRADO,ID_UNIDAD,EMAIL,CONTRASENA,TELEFONO,USUARIO,PERFIL) values ('1','2','12345678','PEPE','PEREZ','1','1','pepe.perez@sicei.com','3AC015CAE71F42519189A83EAA23CE5D','1234567','pepe','1');
REM INSERTING into RED_INVESTIGACION
SET DEFINE OFF;
Insert into RED_INVESTIGACION (ID_RED,NOMBRE_RED,ENTIDAD,ANO_CREACION,SEDE_DEPTO,SEDE_CIUDAD) values ('1','Eduardo Santos Castillo','DINAE ESTIC','2020','Cundinamarca','Bogotá');
Insert into RED_INVESTIGACION (ID_RED,NOMBRE_RED,ENTIDAD,ANO_CREACION,SEDE_DEPTO,SEDE_CIUDAD) values ('2','pepe','asd','2020','Cundinamarca','Bogotá');
REM INSERTING into TIPO
SET DEFINE OFF;
Insert into TIPO (ID_TIPO,DESCRIPCION) values ('1','ESCUELA');
Insert into TIPO (ID_TIPO,DESCRIPCION) values ('2','DIRECCION');
Insert into TIPO (ID_TIPO,DESCRIPCION) values ('3','OFICINA ASESORA');
REM INSERTING into LINEA
SET DEFINE OFF;
Insert into LINEA (ID_LINEA,NOMBRE) values ('1','Seguridad y convivencia para la construcción de la paz territorial');
Insert into LINEA (ID_LINEA,NOMBRE) values ('2','Línea memoria histórica, historia y contexto del conflicto');
Insert into LINEA (ID_LINEA,NOMBRE) values ('3','Línea seguridad para el ejercicio de la participación política y la protesta pacífica');
Insert into LINEA (ID_LINEA,NOMBRE) values ('4','Línea tratamiento territorial a la problemática de las drogas ilícitas para la reducción de conflictos');
Insert into LINEA (ID_LINEA,NOMBRE) values ('5','Línea poder de policía ');
Insert into LINEA (ID_LINEA,NOMBRE) values ('6','Línea función de policía');
Insert into LINEA (ID_LINEA,NOMBRE) values ('7','Línea Actividad de Policía');
Insert into LINEA (ID_LINEA,NOMBRE) values ('8','Línea desarrollo institucional y organizacional');
Insert into LINEA (ID_LINEA,NOMBRE) values ('9','Línea administración de recursos');
Insert into LINEA (ID_LINEA,NOMBRE) values ('10','Línea talento y desarrollo humano');
Insert into LINEA (ID_LINEA,NOMBRE) values ('11','Línea formación policial');
Insert into LINEA (ID_LINEA,NOMBRE) values ('12','Línea mediaciones pedagógicas');
Insert into LINEA (ID_LINEA,NOMBRE) values ('13','Línea ciencia de policía');
Insert into LINEA (ID_LINEA,NOMBRE) values ('14','Línea salud');
Insert into LINEA (ID_LINEA,NOMBRE) values ('15','Línea promoción de la salud y prevención de la enfermedad');
Insert into LINEA (ID_LINEA,NOMBRE) values ('16','Línea atención en salud');
Insert into LINEA (ID_LINEA,NOMBRE) values ('17','Línea gestión ambiental');
Insert into LINEA (ID_LINEA,NOMBRE) values ('18','Línea prevención y educación ambiental');
Insert into LINEA (ID_LINEA,NOMBRE) values ('19','Línea control ambiental');
Insert into LINEA (ID_LINEA,NOMBRE) values ('20','Línea desarrollo social ambiental');
Insert into LINEA (ID_LINEA,NOMBRE) values ('21','Línea legislación ambiental');
Insert into LINEA (ID_LINEA,NOMBRE) values ('22','Línea violencia y sus manifestaciones.');
Insert into LINEA (ID_LINEA,NOMBRE) values ('23','Línea perspectiva de género.');
Insert into LINEA (ID_LINEA,NOMBRE) values ('24','Línea fundamentos jurídicos del servicio de policía');
Insert into LINEA (ID_LINEA,NOMBRE) values ('25','Línea ciencias forenses, criminología, criminalística y policía judicial.');
Insert into LINEA (ID_LINEA,NOMBRE) values ('26','Línea acciones del servicio de policía.');
Insert into LINEA (ID_LINEA,NOMBRE) values ('27','Línea movilidad y seguridad vial');
Insert into LINEA (ID_LINEA,NOMBRE) values ('28','Línea tipos de seguridad');
Insert into LINEA (ID_LINEA,NOMBRE) values ('29','Línea desarrollo tecnológico e innovación');
REM INSERTING into ESTIMULOS_SEMILLERO
SET DEFINE OFF;
REM INSERTING into ESTIMULOS_INVESTIGACION
SET DEFINE OFF;
Insert into ESTIMULOS_INVESTIGACION (ID_INVESTIGACION,CONDECORACIONES,FELICITACIONES,PERSONAJE_MES,PERMISO,ESTATUILLAS,MONEDAS,CAPACITACIONES) values ('VICINESANA00041','0','1','0','0','0','0','0');
Insert into ESTIMULOS_INVESTIGACION (ID_INVESTIGACION,CONDECORACIONES,FELICITACIONES,PERSONAJE_MES,PERMISO,ESTATUILLAS,MONEDAS,CAPACITACIONES) values ('VICINESANA00061','0','0','1','0','0','0','0');
Insert into ESTIMULOS_INVESTIGACION (ID_INVESTIGACION,CONDECORACIONES,FELICITACIONES,PERSONAJE_MES,PERMISO,ESTATUILLAS,MONEDAS,CAPACITACIONES) values ('VICINESANA00062','0','1','1','0','0','0','0');
Insert into ESTIMULOS_INVESTIGACION (ID_INVESTIGACION,CONDECORACIONES,FELICITACIONES,PERSONAJE_MES,PERMISO,ESTATUILLAS,MONEDAS,CAPACITACIONES) values ('VICINESANA00023','0','1','0','0','0','1','0');
Insert into ESTIMULOS_INVESTIGACION (ID_INVESTIGACION,CONDECORACIONES,FELICITACIONES,PERSONAJE_MES,PERMISO,ESTATUILLAS,MONEDAS,CAPACITACIONES) values ('VICINESANA00063','0','1','1','0','0','0','0');
Insert into ESTIMULOS_INVESTIGACION (ID_INVESTIGACION,CONDECORACIONES,FELICITACIONES,PERSONAJE_MES,PERMISO,ESTATUILLAS,MONEDAS,CAPACITACIONES) values ('VICINESANT065','1','1','1','1','1','1','1');
Insert into ESTIMULOS_INVESTIGACION (ID_INVESTIGACION,CONDECORACIONES,FELICITACIONES,PERSONAJE_MES,PERMISO,ESTATUILLAS,MONEDAS,CAPACITACIONES) values ('VICINESANA00064','0','1','0','0','0','0','0');
REM INSERTING into AREA_LINEA_SEMILLERO
SET DEFINE OFF;
REM INSERTING into AREA_LINEA
SET DEFINE OFF;
Insert into AREA_LINEA (ID_AREA,ID_LINEA) values ('1','1');
Insert into AREA_LINEA (ID_AREA,ID_LINEA) values ('1','2');
Insert into AREA_LINEA (ID_AREA,ID_LINEA) values ('1','3');
Insert into AREA_LINEA (ID_AREA,ID_LINEA) values ('1','4');
Insert into AREA_LINEA (ID_AREA,ID_LINEA) values ('2','5');
Insert into AREA_LINEA (ID_AREA,ID_LINEA) values ('2','6');
Insert into AREA_LINEA (ID_AREA,ID_LINEA) values ('2','7');
Insert into AREA_LINEA (ID_AREA,ID_LINEA) values ('3','8');
Insert into AREA_LINEA (ID_AREA,ID_LINEA) values ('3','9');
Insert into AREA_LINEA (ID_AREA,ID_LINEA) values ('4','10');
Insert into AREA_LINEA (ID_AREA,ID_LINEA) values ('5','11');
Insert into AREA_LINEA (ID_AREA,ID_LINEA) values ('5','12');
Insert into AREA_LINEA (ID_AREA,ID_LINEA) values ('5','13');
Insert into AREA_LINEA (ID_AREA,ID_LINEA) values ('6','14');
Insert into AREA_LINEA (ID_AREA,ID_LINEA) values ('6','15');
Insert into AREA_LINEA (ID_AREA,ID_LINEA) values ('6','16');
Insert into AREA_LINEA (ID_AREA,ID_LINEA) values ('7','17');
Insert into AREA_LINEA (ID_AREA,ID_LINEA) values ('7','18');
Insert into AREA_LINEA (ID_AREA,ID_LINEA) values ('7','19');
Insert into AREA_LINEA (ID_AREA,ID_LINEA) values ('7','20');
Insert into AREA_LINEA (ID_AREA,ID_LINEA) values ('7','21');
Insert into AREA_LINEA (ID_AREA,ID_LINEA) values ('8','22');
Insert into AREA_LINEA (ID_AREA,ID_LINEA) values ('8','23');
Insert into AREA_LINEA (ID_AREA,ID_LINEA) values ('9','24');
Insert into AREA_LINEA (ID_AREA,ID_LINEA) values ('10','25');
Insert into AREA_LINEA (ID_AREA,ID_LINEA) values ('11','26');
Insert into AREA_LINEA (ID_AREA,ID_LINEA) values ('11','27');
Insert into AREA_LINEA (ID_AREA,ID_LINEA) values ('11','28');
Insert into AREA_LINEA (ID_AREA,ID_LINEA) values ('12','29');
REM INSERTING into INVESTIGADORES_INVESTIGACION
SET DEFINE OFF;
Insert into INVESTIGADORES_INVESTIGACION (ID_INVESTIGACION,ID_INVESTIGADOR) values ('VICINESANA00022','1');
Insert into INVESTIGADORES_INVESTIGACION (ID_INVESTIGACION,ID_INVESTIGADOR) values ('VICINESANA00022','2');
Insert into INVESTIGADORES_INVESTIGACION (ID_INVESTIGACION,ID_INVESTIGADOR) values ('VICINESANA00023','1');
Insert into INVESTIGADORES_INVESTIGACION (ID_INVESTIGACION,ID_INVESTIGADOR) values ('VICINESANA00023','2');
Insert into INVESTIGADORES_INVESTIGACION (ID_INVESTIGACION,ID_INVESTIGADOR) values ('VICINESANA00041','1');
Insert into INVESTIGADORES_INVESTIGACION (ID_INVESTIGACION,ID_INVESTIGADOR) values ('VICINESANA00061','1');
Insert into INVESTIGADORES_INVESTIGACION (ID_INVESTIGACION,ID_INVESTIGADOR) values ('VICINESANA00062','2');
Insert into INVESTIGADORES_INVESTIGACION (ID_INVESTIGACION,ID_INVESTIGADOR) values ('VICINESANA00063','2');
Insert into INVESTIGADORES_INVESTIGACION (ID_INVESTIGACION,ID_INVESTIGADOR) values ('VICINESANA00064','2');
Insert into INVESTIGADORES_INVESTIGACION (ID_INVESTIGACION,ID_INVESTIGADOR) values ('VICINESANT065','1');
Insert into INVESTIGADORES_INVESTIGACION (ID_INVESTIGACION,ID_INVESTIGADOR) values ('VICINESANT065','2');
REM INSERTING into EVENTOS_SEMILLERO
SET DEFINE OFF;
REM INSERTING into CASO_EMBLEMATICO
SET DEFINE OFF;
Insert into CASO_EMBLEMATICO (ID_CASO,NOMBRE_CASO,LUGAR_AFECTACION,ACTIVIDADES) values ('1','Masacre a policias en la localidad de sumapaz','sumapaz','reconstrucción de memoria histórica');
REM INSERTING into EVENTOS_INVESTIGACION
SET DEFINE OFF;
Insert into EVENTOS_INVESTIGACION (ID_INVESTIGACION,TIPO,PARTICIPACION,FECHA,TIPO_REGION,DESC_REGION,DESC_SUBREGION) values ('VICINESANA00041','1','2','19/5/2020',null,'2','Cravo Norte');
Insert into EVENTOS_INVESTIGACION (ID_INVESTIGACION,TIPO,PARTICIPACION,FECHA,TIPO_REGION,DESC_REGION,DESC_SUBREGION) values ('VICINESANA00061','2','2','23/5/2020',null,'1','Alejandría');
Insert into EVENTOS_INVESTIGACION (ID_INVESTIGACION,TIPO,PARTICIPACION,FECHA,TIPO_REGION,DESC_REGION,DESC_SUBREGION) values ('VICINESANA00023','2','3','30/4/2020',null,'5','Villa de Leyva');
Insert into EVENTOS_INVESTIGACION (ID_INVESTIGACION,TIPO,PARTICIPACION,FECHA,TIPO_REGION,DESC_REGION,DESC_SUBREGION) values ('VICINESANA00062','2','2','23/5/2020',null,'1','Abriaquí');
Insert into EVENTOS_INVESTIGACION (ID_INVESTIGACION,TIPO,PARTICIPACION,FECHA,TIPO_REGION,DESC_REGION,DESC_SUBREGION) values ('VICINESANT065','3','3','24/5/2020',null,null,'m,m');
Insert into EVENTOS_INVESTIGACION (ID_INVESTIGACION,TIPO,PARTICIPACION,FECHA,TIPO_REGION,DESC_REGION,DESC_SUBREGION) values ('VICINESANA00063','2','2','23/5/2020',null,'1','Abriaquí');
Insert into EVENTOS_INVESTIGACION (ID_INVESTIGACION,TIPO,PARTICIPACION,FECHA,TIPO_REGION,DESC_REGION,DESC_SUBREGION) values ('VICINESANA00064','2','2','23/5/2020',null,'1','Abriaquí');
REM INSERTING into INVESTIGADOR_CASO_EMB
SET DEFINE OFF;
REM INSERTING into AREA_LINEA_INVESTIGACION
SET DEFINE OFF;
Insert into AREA_LINEA_INVESTIGACION (ID_INVESTIGACION,ID_AREA,ID_LINEA) values ('VICINESANA00014','1','2');
Insert into AREA_LINEA_INVESTIGACION (ID_INVESTIGACION,ID_AREA,ID_LINEA) values ('VICINESANA00015','1','2');
Insert into AREA_LINEA_INVESTIGACION (ID_INVESTIGACION,ID_AREA,ID_LINEA) values ('VICINESANA00015','2','7');
Insert into AREA_LINEA_INVESTIGACION (ID_INVESTIGACION,ID_AREA,ID_LINEA) values ('VICINESANA00016','1','2');
Insert into AREA_LINEA_INVESTIGACION (ID_INVESTIGACION,ID_AREA,ID_LINEA) values ('VICINESANA00016','2','7');
Insert into AREA_LINEA_INVESTIGACION (ID_INVESTIGACION,ID_AREA,ID_LINEA) values ('VICINESANA00017','1','2');
Insert into AREA_LINEA_INVESTIGACION (ID_INVESTIGACION,ID_AREA,ID_LINEA) values ('VICINESANA00017','2','7');
Insert into AREA_LINEA_INVESTIGACION (ID_INVESTIGACION,ID_AREA,ID_LINEA) values ('VICINESANA00018','1','2');
Insert into AREA_LINEA_INVESTIGACION (ID_INVESTIGACION,ID_AREA,ID_LINEA) values ('VICINESANA00018','2','7');
Insert into AREA_LINEA_INVESTIGACION (ID_INVESTIGACION,ID_AREA,ID_LINEA) values ('VICINESANA00019','1','2');
Insert into AREA_LINEA_INVESTIGACION (ID_INVESTIGACION,ID_AREA,ID_LINEA) values ('VICINESANA00019','2','7');
Insert into AREA_LINEA_INVESTIGACION (ID_INVESTIGACION,ID_AREA,ID_LINEA) values ('VICINESANA00020','1','2');
Insert into AREA_LINEA_INVESTIGACION (ID_INVESTIGACION,ID_AREA,ID_LINEA) values ('VICINESANA00020','2','7');
Insert into AREA_LINEA_INVESTIGACION (ID_INVESTIGACION,ID_AREA,ID_LINEA) values ('VICINESANA00022','3','8');
Insert into AREA_LINEA_INVESTIGACION (ID_INVESTIGACION,ID_AREA,ID_LINEA) values ('VICINESANA00022','3','9');
Insert into AREA_LINEA_INVESTIGACION (ID_INVESTIGACION,ID_AREA,ID_LINEA) values ('VICINESANA00023','3','8');
Insert into AREA_LINEA_INVESTIGACION (ID_INVESTIGACION,ID_AREA,ID_LINEA) values ('VICINESANA00023','3','9');
Insert into AREA_LINEA_INVESTIGACION (ID_INVESTIGACION,ID_AREA,ID_LINEA) values ('VICINESANA00041','3','9');
Insert into AREA_LINEA_INVESTIGACION (ID_INVESTIGACION,ID_AREA,ID_LINEA) values ('VICINESANA00041','5','11');
Insert into AREA_LINEA_INVESTIGACION (ID_INVESTIGACION,ID_AREA,ID_LINEA) values ('VICINESANA00061','3','9');
Insert into AREA_LINEA_INVESTIGACION (ID_INVESTIGACION,ID_AREA,ID_LINEA) values ('VICINESANA00061','5','12');
Insert into AREA_LINEA_INVESTIGACION (ID_INVESTIGACION,ID_AREA,ID_LINEA) values ('VICINESANA00062','3','9');
Insert into AREA_LINEA_INVESTIGACION (ID_INVESTIGACION,ID_AREA,ID_LINEA) values ('VICINESANA00062','5','12');
Insert into AREA_LINEA_INVESTIGACION (ID_INVESTIGACION,ID_AREA,ID_LINEA) values ('VICINESANA00063','3','9');
Insert into AREA_LINEA_INVESTIGACION (ID_INVESTIGACION,ID_AREA,ID_LINEA) values ('VICINESANA00063','5','12');
Insert into AREA_LINEA_INVESTIGACION (ID_INVESTIGACION,ID_AREA,ID_LINEA) values ('VICINESANA00064','3','9');
Insert into AREA_LINEA_INVESTIGACION (ID_INVESTIGACION,ID_AREA,ID_LINEA) values ('VICINESANA00064','5','12');
Insert into AREA_LINEA_INVESTIGACION (ID_INVESTIGACION,ID_AREA,ID_LINEA) values ('VICINESANT065','1','3');
Insert into AREA_LINEA_INVESTIGACION (ID_INVESTIGACION,ID_AREA,ID_LINEA) values ('VICINESANT065','1','4');
Insert into AREA_LINEA_INVESTIGACION (ID_INVESTIGACION,ID_AREA,ID_LINEA) values ('VICINESANT065','2','5');
REM INSERTING into PRESUPUESTO_INVESTIGACION
SET DEFINE OFF;
Insert into PRESUPUESTO_INVESTIGACION (ID_INVESTIGACION,NOMBRE_PRESUPUESTO,DESC_PRESUPUESTO,APORTE) values ('VICINESANA00063','Convocatoria Colciencias','colciencias','100');
Insert into PRESUPUESTO_INVESTIGACION (ID_INVESTIGACION,NOMBRE_PRESUPUESTO,DESC_PRESUPUESTO,APORTE) values ('VICINESANA00041','Convocatoria Colciencias','desccc','100');
Insert into PRESUPUESTO_INVESTIGACION (ID_INVESTIGACION,NOMBRE_PRESUPUESTO,DESC_PRESUPUESTO,APORTE) values ('VICINESANA00061','Convocatoria Colciencias','colciencias','100');
Insert into PRESUPUESTO_INVESTIGACION (ID_INVESTIGACION,NOMBRE_PRESUPUESTO,DESC_PRESUPUESTO,APORTE) values ('VICINESANA00062','Convocatoria Colciencias','colciencias','100');
Insert into PRESUPUESTO_INVESTIGACION (ID_INVESTIGACION,NOMBRE_PRESUPUESTO,DESC_PRESUPUESTO,APORTE) values ('VICINESANA00023','Convocatoria Colciencias','descripcion ','5010');
Insert into PRESUPUESTO_INVESTIGACION (ID_INVESTIGACION,NOMBRE_PRESUPUESTO,DESC_PRESUPUESTO,APORTE) values ('VICINESANT065','Presupuesto  Personal(Investigadores)',null,'0');
Insert into PRESUPUESTO_INVESTIGACION (ID_INVESTIGACION,NOMBRE_PRESUPUESTO,DESC_PRESUPUESTO,APORTE) values ('VICINESANA00064','Convocatoria Colciencias','colciencias','200');
REM INSERTING into INVESTIGADOR
SET DEFINE OFF;
Insert into INVESTIGADOR (ID_INVESTIGADOR,ID_GRADO,DOCUMENTO,NOMBRES,APELLIDOS,EMAIL,TELEFONO,DIRECCION,ESTUDIOS,CATEGORIZADO,CATEGORIZADO_VALOR,PROFESOR,ESTUDIANTE) values ('2','5','456','FABIO ANDRES','GOMEZ MOLINA','sfhsghsh@gmail.com','7777777777','calle 7 N 8-23','Técnologo','0',null,'0','1');
Insert into INVESTIGADOR (ID_INVESTIGADOR,ID_GRADO,DOCUMENTO,NOMBRES,APELLIDOS,EMAIL,TELEFONO,DIRECCION,ESTUDIOS,CATEGORIZADO,CATEGORIZADO_VALOR,PROFESOR,ESTUDIANTE) values ('1','3','123','Jhonny','Zapata','jhonny.zapa@gmail.com','123','calle 7 N 8-23','Técnologo','1','Senior','1','1');
REM INSERTING into PARAMETRO
SET DEFINE OFF;
Insert into PARAMETRO (ID_PARAMETRO,TAG,VALOR_NUMERO,VALOR_CARACTER,VALOR_FECHA,ESTADO) values ('1','SETCARACT',null,'AL32UTF8',null,'1');
Insert into PARAMETRO (ID_PARAMETRO,TAG,VALOR_NUMERO,VALOR_CARACTER,VALOR_FECHA,ESTADO) values ('2','CADSEMILLA',null,'A11BBB2222CCCCC333333DDDDDDD44444444EEEEEEEEE5555555555FFFFFFFFF',null,'1');
REM INSERTING into GRADO
SET DEFINE OFF;
Insert into GRADO (ID_GRADO,DESCRIPCION,SIGLA) values ('2','Alférez','AF');
Insert into GRADO (ID_GRADO,DESCRIPCION,SIGLA) values ('3','Subteniente','ST');
Insert into GRADO (ID_GRADO,DESCRIPCION,SIGLA) values ('4','Teniente','TE');
Insert into GRADO (ID_GRADO,DESCRIPCION,SIGLA) values ('5','Capitán ','CT');
Insert into GRADO (ID_GRADO,DESCRIPCION,SIGLA) values ('6','Mayor','MY');
Insert into GRADO (ID_GRADO,DESCRIPCION,SIGLA) values ('7','Teniente Coronel','TC');
Insert into GRADO (ID_GRADO,DESCRIPCION,SIGLA) values ('8','Coronel','CR');
Insert into GRADO (ID_GRADO,DESCRIPCION,SIGLA) values ('9','Brigadier General','BG');
Insert into GRADO (ID_GRADO,DESCRIPCION,SIGLA) values ('10','Mayor General','MG');
Insert into GRADO (ID_GRADO,DESCRIPCION,SIGLA) values ('11','General','GR');
Insert into GRADO (ID_GRADO,DESCRIPCION,SIGLA) values ('12','Cabo Segundo','CS');
Insert into GRADO (ID_GRADO,DESCRIPCION,SIGLA) values ('13','Cabo Primero','CP');
Insert into GRADO (ID_GRADO,DESCRIPCION,SIGLA) values ('14','Sargento Segundo ','SS');
Insert into GRADO (ID_GRADO,DESCRIPCION,SIGLA) values ('15','Sargento Viceprimero','SV');
Insert into GRADO (ID_GRADO,DESCRIPCION,SIGLA) values ('16','Sargento Primero ','SP');
Insert into GRADO (ID_GRADO,DESCRIPCION,SIGLA) values ('17','Sargento Mayor','SM');
Insert into GRADO (ID_GRADO,DESCRIPCION,SIGLA) values ('18','Estudiante ','EST');
Insert into GRADO (ID_GRADO,DESCRIPCION,SIGLA) values ('19','Patrullero','PT');
Insert into GRADO (ID_GRADO,DESCRIPCION,SIGLA) values ('20','Subintendente ','SI');
Insert into GRADO (ID_GRADO,DESCRIPCION,SIGLA) values ('21','Intendente','IT');
Insert into GRADO (ID_GRADO,DESCRIPCION,SIGLA) values ('22','Intendente Jefe','IJ');
Insert into GRADO (ID_GRADO,DESCRIPCION,SIGLA) values ('23','Subcomisario','SC');
Insert into GRADO (ID_GRADO,DESCRIPCION,SIGLA) values ('24','Comisario','CM');
Insert into GRADO (ID_GRADO,DESCRIPCION,SIGLA) values ('1','Cadete','CD');
REM INSERTING into SEMILLERO
SET DEFINE OFF;
REM INSERTING into PRODUCTO_INVESTIGACION
SET DEFINE OFF;
Insert into PRODUCTO_INVESTIGACION (ID_INVESTIGACION,TIPO_PRODUCTO,AUTOR,NOMBRE_REVISTA,NOMBRE_ARTICULO,ANO,CODIGO_ISSN,CODIGO_ISBN,NOMBRE_LIBRO,PAGINA_INICIO,PAGINA_FINAL,EDITORIAL,FECHA_PUBLICACION) values ('VICINESANA00063','Cartilla','cartilla',null,null,'0',null,null,null,'0','0',null,null);
Insert into PRODUCTO_INVESTIGACION (ID_INVESTIGACION,TIPO_PRODUCTO,AUTOR,NOMBRE_REVISTA,NOMBRE_ARTICULO,ANO,CODIGO_ISSN,CODIGO_ISBN,NOMBRE_LIBRO,PAGINA_INICIO,PAGINA_FINAL,EDITORIAL,FECHA_PUBLICACION) values ('VICINESANA00041','Cartilla','asdsad',null,null,'0',null,null,null,'0','0',null,null);
Insert into PRODUCTO_INVESTIGACION (ID_INVESTIGACION,TIPO_PRODUCTO,AUTOR,NOMBRE_REVISTA,NOMBRE_ARTICULO,ANO,CODIGO_ISSN,CODIGO_ISBN,NOMBRE_LIBRO,PAGINA_INICIO,PAGINA_FINAL,EDITORIAL,FECHA_PUBLICACION) values ('VICINESANA00041','Prototipo','sadsa',null,null,'0',null,null,null,'0','0',null,null);
Insert into PRODUCTO_INVESTIGACION (ID_INVESTIGACION,TIPO_PRODUCTO,AUTOR,NOMBRE_REVISTA,NOMBRE_ARTICULO,ANO,CODIGO_ISSN,CODIGO_ISBN,NOMBRE_LIBRO,PAGINA_INICIO,PAGINA_FINAL,EDITORIAL,FECHA_PUBLICACION) values ('VICINESANA00061','Cartilla','cartilla',null,null,'0',null,null,null,'0','0',null,null);
Insert into PRODUCTO_INVESTIGACION (ID_INVESTIGACION,TIPO_PRODUCTO,AUTOR,NOMBRE_REVISTA,NOMBRE_ARTICULO,ANO,CODIGO_ISSN,CODIGO_ISBN,NOMBRE_LIBRO,PAGINA_INICIO,PAGINA_FINAL,EDITORIAL,FECHA_PUBLICACION) values ('VICINESANA00061','Prototipo','prototipo',null,null,'0',null,null,null,'0','0',null,null);
Insert into PRODUCTO_INVESTIGACION (ID_INVESTIGACION,TIPO_PRODUCTO,AUTOR,NOMBRE_REVISTA,NOMBRE_ARTICULO,ANO,CODIGO_ISSN,CODIGO_ISBN,NOMBRE_LIBRO,PAGINA_INICIO,PAGINA_FINAL,EDITORIAL,FECHA_PUBLICACION) values ('VICINESANA00023','Cartilla','cart',null,null,'0',null,null,null,'0','0',null,null);
Insert into PRODUCTO_INVESTIGACION (ID_INVESTIGACION,TIPO_PRODUCTO,AUTOR,NOMBRE_REVISTA,NOMBRE_ARTICULO,ANO,CODIGO_ISSN,CODIGO_ISBN,NOMBRE_LIBRO,PAGINA_INICIO,PAGINA_FINAL,EDITORIAL,FECHA_PUBLICACION) values ('VICINESANA00023','Procedimientos','proced',null,null,'0',null,null,null,'0','0',null,null);
Insert into PRODUCTO_INVESTIGACION (ID_INVESTIGACION,TIPO_PRODUCTO,AUTOR,NOMBRE_REVISTA,NOMBRE_ARTICULO,ANO,CODIGO_ISSN,CODIGO_ISBN,NOMBRE_LIBRO,PAGINA_INICIO,PAGINA_FINAL,EDITORIAL,FECHA_PUBLICACION) values ('VICINESANA00063','Prototipo','prototipo',null,null,'0',null,null,null,'0','0',null,null);
Insert into PRODUCTO_INVESTIGACION (ID_INVESTIGACION,TIPO_PRODUCTO,AUTOR,NOMBRE_REVISTA,NOMBRE_ARTICULO,ANO,CODIGO_ISSN,CODIGO_ISBN,NOMBRE_LIBRO,PAGINA_INICIO,PAGINA_FINAL,EDITORIAL,FECHA_PUBLICACION) values ('VICINESANA00062','Prototipo','prototipo',null,null,'0',null,null,null,'0','0',null,null);
Insert into PRODUCTO_INVESTIGACION (ID_INVESTIGACION,TIPO_PRODUCTO,AUTOR,NOMBRE_REVISTA,NOMBRE_ARTICULO,ANO,CODIGO_ISSN,CODIGO_ISBN,NOMBRE_LIBRO,PAGINA_INICIO,PAGINA_FINAL,EDITORIAL,FECHA_PUBLICACION) values ('VICINESANT065','Guia','hgnvbn',null,null,'0',null,null,null,'0','0',null,null);
Insert into PRODUCTO_INVESTIGACION (ID_INVESTIGACION,TIPO_PRODUCTO,AUTOR,NOMBRE_REVISTA,NOMBRE_ARTICULO,ANO,CODIGO_ISSN,CODIGO_ISBN,NOMBRE_LIBRO,PAGINA_INICIO,PAGINA_FINAL,EDITORIAL,FECHA_PUBLICACION) values ('VICINESANT065','Cartilla','vbnbvnbv',null,null,'0',null,null,null,'0','0',null,null);
Insert into PRODUCTO_INVESTIGACION (ID_INVESTIGACION,TIPO_PRODUCTO,AUTOR,NOMBRE_REVISTA,NOMBRE_ARTICULO,ANO,CODIGO_ISSN,CODIGO_ISBN,NOMBRE_LIBRO,PAGINA_INICIO,PAGINA_FINAL,EDITORIAL,FECHA_PUBLICACION) values ('VICINESANT065','Prototipo','vbnbvnv',null,null,'0',null,null,null,'0','0',null,null);
Insert into PRODUCTO_INVESTIGACION (ID_INVESTIGACION,TIPO_PRODUCTO,AUTOR,NOMBRE_REVISTA,NOMBRE_ARTICULO,ANO,CODIGO_ISSN,CODIGO_ISBN,NOMBRE_LIBRO,PAGINA_INICIO,PAGINA_FINAL,EDITORIAL,FECHA_PUBLICACION) values ('VICINESANT065','Articulo','vbnbvnbv','vbnbv','bvnvbn','0','vbnbvn',null,null,'0','0',null,null);
Insert into PRODUCTO_INVESTIGACION (ID_INVESTIGACION,TIPO_PRODUCTO,AUTOR,NOMBRE_REVISTA,NOMBRE_ARTICULO,ANO,CODIGO_ISSN,CODIGO_ISBN,NOMBRE_LIBRO,PAGINA_INICIO,PAGINA_FINAL,EDITORIAL,FECHA_PUBLICACION) values ('VICINESANT065','Manuales','nvbnbvnbv',null,null,'0',null,null,null,'0','0',null,null);
Insert into PRODUCTO_INVESTIGACION (ID_INVESTIGACION,TIPO_PRODUCTO,AUTOR,NOMBRE_REVISTA,NOMBRE_ARTICULO,ANO,CODIGO_ISSN,CODIGO_ISBN,NOMBRE_LIBRO,PAGINA_INICIO,PAGINA_FINAL,EDITORIAL,FECHA_PUBLICACION) values ('VICINESANT065','Procedimientos','vbnbvnvb',null,null,'0',null,null,null,'0','0',null,null);
Insert into PRODUCTO_INVESTIGACION (ID_INVESTIGACION,TIPO_PRODUCTO,AUTOR,NOMBRE_REVISTA,NOMBRE_ARTICULO,ANO,CODIGO_ISSN,CODIGO_ISBN,NOMBRE_LIBRO,PAGINA_INICIO,PAGINA_FINAL,EDITORIAL,FECHA_PUBLICACION) values ('VICINESANT065','Instructivos','vbnb',null,null,'0',null,null,null,'0','0',null,null);
Insert into PRODUCTO_INVESTIGACION (ID_INVESTIGACION,TIPO_PRODUCTO,AUTOR,NOMBRE_REVISTA,NOMBRE_ARTICULO,ANO,CODIGO_ISSN,CODIGO_ISBN,NOMBRE_LIBRO,PAGINA_INICIO,PAGINA_FINAL,EDITORIAL,FECHA_PUBLICACION) values ('VICINESANA00064','Cartilla','cartilla',null,null,'0',null,null,null,'0','0',null,null);
Insert into PRODUCTO_INVESTIGACION (ID_INVESTIGACION,TIPO_PRODUCTO,AUTOR,NOMBRE_REVISTA,NOMBRE_ARTICULO,ANO,CODIGO_ISSN,CODIGO_ISBN,NOMBRE_LIBRO,PAGINA_INICIO,PAGINA_FINAL,EDITORIAL,FECHA_PUBLICACION) values ('VICINESANA00064','Prototipo','prototipo',null,null,'0',null,null,null,'0','0',null,null);
REM INSERTING into TIPO_DOCUMENTO
SET DEFINE OFF;
Insert into TIPO_DOCUMENTO (ID_TIPO_DOCUMENTO,VALOR,DESCRIPCION) values ('1','TI','TARJETA DE IDENTIDAD');
Insert into TIPO_DOCUMENTO (ID_TIPO_DOCUMENTO,VALOR,DESCRIPCION) values ('2','CC','CEDULA CIUDADANIA');
Insert into TIPO_DOCUMENTO (ID_TIPO_DOCUMENTO,VALOR,DESCRIPCION) values ('3','PA','PASAPORTE');
Insert into TIPO_DOCUMENTO (ID_TIPO_DOCUMENTO,VALOR,DESCRIPCION) values ('4','CE','CEDULA EXTRANJERIA');
REM INSERTING into UNIDAD
SET DEFINE OFF;
Insert into UNIDAD (ID_UNIDAD,SIGLA,DESCRIPCION,ID_TIPO) values ('1','ECSAN','Escuela de Cadetes de Policía General Francisco de Paula ','1');
Insert into UNIDAD (ID_UNIDAD,SIGLA,DESCRIPCION,ID_TIPO) values ('2','ESAGU','Escuela de Carabineros Alejandro Gutiérrez','1');
Insert into UNIDAD (ID_UNIDAD,SIGLA,DESCRIPCION,ID_TIPO) values ('3','ESANA','Escuela de Policía Antonio Nariño','1');
Insert into UNIDAD (ID_UNIDAD,SIGLA,DESCRIPCION,ID_TIPO) values ('4','ESANT','Escuela de Antisecuestro y Antiextorsión','1');
Insert into UNIDAD (ID_UNIDAD,SIGLA,DESCRIPCION,ID_TIPO) values ('5','ESAVI','Escuela de Aviación Policial ','1');
Insert into UNIDAD (ID_UNIDAD,SIGLA,DESCRIPCION,ID_TIPO) values ('6','ESBOL','Escuela de Policía Simon Bolívar','1');
Insert into UNIDAD (ID_UNIDAD,SIGLA,DESCRIPCION,ID_TIPO) values ('7','ESCAR','Escuela Nacional de Carabineros Alfonso López Pumarejo','1');
Insert into UNIDAD (ID_UNIDAD,SIGLA,DESCRIPCION,ID_TIPO) values ('8','ESCEQ','Escuela de Equitación Policial Coronel Luis Augusto Tello Sánchez','1');
Insert into UNIDAD (ID_UNIDAD,SIGLA,DESCRIPCION,ID_TIPO) values ('9','ESCER','Escuela de Policía Carlos Eugenio Restrepo','1');
Insert into UNIDAD (ID_UNIDAD,SIGLA,DESCRIPCION,ID_TIPO) values ('10','ESCIC','Escuela de Inteligencia y Contrainteligencia ','1');
Insert into UNIDAD (ID_UNIDAD,SIGLA,DESCRIPCION,ID_TIPO) values ('11','ESECU','Escuela de Carabineros Eduardo Cuevas García','1');
Insert into UNIDAD (ID_UNIDAD,SIGLA,DESCRIPCION,ID_TIPO) values ('12','ESEVI','Escuela de Seguridad Vial','1');
Insert into UNIDAD (ID_UNIDAD,SIGLA,DESCRIPCION,ID_TIPO) values ('13','ESGAC','Escuela de Guías y Adiestramiento Canino Agente Álvaro Rojas Ahumada','1');
Insert into UNIDAD (ID_UNIDAD,SIGLA,DESCRIPCION,ID_TIPO) values ('14','ESGON','Escuela de Polícia Gabriel González ','1');
Insert into UNIDAD (ID_UNIDAD,SIGLA,DESCRIPCION,ID_TIPO) values ('15','ESINC','Escuela de Investigación Criminal ','1');
Insert into UNIDAD (ID_UNIDAD,SIGLA,DESCRIPCION,ID_TIPO) values ('16','ESJIM','Escuela de Suboficiales y Nivel Ejecutivo Gonzalo Jiménez de Quesada','1');
Insert into UNIDAD (ID_UNIDAD,SIGLA,DESCRIPCION,ID_TIPO) values ('17','ESMAC','Escuela de Policía de Yuto Miguel Antonio Caicedo Mena','1');
Insert into UNIDAD (ID_UNIDAD,SIGLA,DESCRIPCION,ID_TIPO) values ('18','ESMEB','Escuela de Policía Metropolitana de Bogota Teniente Coronel Julian Hernesto Guevara Galvis','1');
Insert into UNIDAD (ID_UNIDAD,SIGLA,DESCRIPCION,ID_TIPO) values ('19','ESPOL','Escuela de Postgrados de Policía Miguel Antonio Lleras Pizarro','1');
Insert into UNIDAD (ID_UNIDAD,SIGLA,DESCRIPCION,ID_TIPO) values ('20','ESPRO','Escuela de Policía en Protección y Seguridad Sargento Mayor Luis Alberto Torres Huertas','1');
Insert into UNIDAD (ID_UNIDAD,SIGLA,DESCRIPCION,ID_TIPO) values ('21','ESRAN','Escuela de Carabineros Rafael Nuñez ','1');
Insert into UNIDAD (ID_UNIDAD,SIGLA,DESCRIPCION,ID_TIPO) values ('22','ESREY','Escuela de Policía Rafael Reyes','1');
Insert into UNIDAD (ID_UNIDAD,SIGLA,DESCRIPCION,ID_TIPO) values ('23','ESSUM','Escuela de Patrulleros Provincia de Sumapaz "Intendente Maritza Bonilla Ruiz"','1');
Insert into UNIDAD (ID_UNIDAD,SIGLA,DESCRIPCION,ID_TIPO) values ('24','ESTIC','Escuela de Tecnolgías de la Información y las Comunicaciones Teniente Coronel Jorge Luis Mauledoux Barón','1');
Insert into UNIDAD (ID_UNIDAD,SIGLA,DESCRIPCION,ID_TIPO) values ('25','ESVEL','Escuela de Carabineros Provincia de Velez Mayor General Manuel Jose Lopez Gomez','1');
Insert into UNIDAD (ID_UNIDAD,SIGLA,DESCRIPCION,ID_TIPO) values ('26','CENOP','Escuela Internacional del Uso de la Fuerza Policial para la Paz Brigadier General Jaime Ramírez Gómez','1');
Insert into UNIDAD (ID_UNIDAD,SIGLA,DESCRIPCION,ID_TIPO) values ('27','DIASE','Dirección Antisecuestro y Antiextorsión','2');
Insert into UNIDAD (ID_UNIDAD,SIGLA,DESCRIPCION,ID_TIPO) values ('28','DIBIE','Dirección de Bienestar Social','2');
Insert into UNIDAD (ID_UNIDAD,SIGLA,DESCRIPCION,ID_TIPO) values ('29','DICAR','Dirección de Carabineros y Seguridad Rural','2');
Insert into UNIDAD (ID_UNIDAD,SIGLA,DESCRIPCION,ID_TIPO) values ('30','DIJIN','Dirección de Investigación Criminal e INTERPOL','2');
Insert into UNIDAD (ID_UNIDAD,SIGLA,DESCRIPCION,ID_TIPO) values ('31','DINAE','Dirección Nacional de Escuelas','2');
Insert into UNIDAD (ID_UNIDAD,SIGLA,DESCRIPCION,ID_TIPO) values ('32','DINCO','Dirección de Incorporación','2');
Insert into UNIDAD (ID_UNIDAD,SIGLA,DESCRIPCION,ID_TIPO) values ('33','DIPOL','Dirección Inteligencia Policial','2');
Insert into UNIDAD (ID_UNIDAD,SIGLA,DESCRIPCION,ID_TIPO) values ('34','DIPON','Dirección General','2');
Insert into UNIDAD (ID_UNIDAD,SIGLA,DESCRIPCION,ID_TIPO) values ('35','DIPRO','Dirección de Protección y Servicios Especiales','2');
Insert into UNIDAD (ID_UNIDAD,SIGLA,DESCRIPCION,ID_TIPO) values ('36','DIRAF','Dirección Administrativa y Financiera','2');
Insert into UNIDAD (ID_UNIDAD,SIGLA,DESCRIPCION,ID_TIPO) values ('37','DIRAN','Dirección de Antinarcoticos','2');
Insert into UNIDAD (ID_UNIDAD,SIGLA,DESCRIPCION,ID_TIPO) values ('38','DISAN','Dirección de Sanidad','2');
Insert into UNIDAD (ID_UNIDAD,SIGLA,DESCRIPCION,ID_TIPO) values ('39','DISEC','Dirección de Seguridad Ciudadana','2');
Insert into UNIDAD (ID_UNIDAD,SIGLA,DESCRIPCION,ID_TIPO) values ('40','DITAH','Dirección de Talento Humano','2');
Insert into UNIDAD (ID_UNIDAD,SIGLA,DESCRIPCION,ID_TIPO) values ('41','DITRA','Dirección de Transito y Transporte','2');
Insert into UNIDAD (ID_UNIDAD,SIGLA,DESCRIPCION,ID_TIPO) values ('42','AMERIPOL','Secretaria Ejecutiva de la Comunidad de Policías de América','3');
Insert into UNIDAD (ID_UNIDAD,SIGLA,DESCRIPCION,ID_TIPO) values ('43','ARCOI','Area de Control Interno','3');
Insert into UNIDAD (ID_UNIDAD,SIGLA,DESCRIPCION,ID_TIPO) values ('44','CASUR','Caja de Sueldos de Retiro Policia Nacional','3');
Insert into UNIDAD (ID_UNIDAD,SIGLA,DESCRIPCION,ID_TIPO) values ('45','COEST','Oficina de Comunicaciones Estrategicas','3');
Insert into UNIDAD (ID_UNIDAD,SIGLA,DESCRIPCION,ID_TIPO) values ('46','FORPO','Fondo Rotatorio de la Policia','3');
Insert into UNIDAD (ID_UNIDAD,SIGLA,DESCRIPCION,ID_TIPO) values ('47','INPEC','Instituto Nacional Penitenciario y Carcelario','3');
Insert into UNIDAD (ID_UNIDAD,SIGLA,DESCRIPCION,ID_TIPO) values ('48','INSGE','Inspección General','3');
Insert into UNIDAD (ID_UNIDAD,SIGLA,DESCRIPCION,ID_TIPO) values ('49','MINDEFENSA','Subsecretaria de Policia ante el Ministerio de Defensa Nacional','3');
Insert into UNIDAD (ID_UNIDAD,SIGLA,DESCRIPCION,ID_TIPO) values ('50','OFITE','Oficina de Telemática','3');
Insert into UNIDAD (ID_UNIDAD,SIGLA,DESCRIPCION,ID_TIPO) values ('51','OFPLA','Oficina de Planeación','3');
Insert into UNIDAD (ID_UNIDAD,SIGLA,DESCRIPCION,ID_TIPO) values ('52','POLFA','Dirección Policia Fiscal y Aduanera','3');
Insert into UNIDAD (ID_UNIDAD,SIGLA,DESCRIPCION,ID_TIPO) values ('53','SEGEN','Secretaria General','3');
Insert into UNIDAD (ID_UNIDAD,SIGLA,DESCRIPCION,ID_TIPO) values ('54','SUDIR','Subdirección GeneraL','3');
REM INSERTING into INVESTIGADORES_SEMILLERO
SET DEFINE OFF;
REM INSERTING into INVESTIGACION
SET DEFINE OFF;
Insert into INVESTIGACION (ID_INVESTIGACION,TITULO,DIRECCION,ANO,PARTICIPACION,EXP_PARTICIPA,ESCUELA,ESTADO) values ('VICINESANA00061','prueba 23 ','28','23/5/2020','NO',null,'3','0');
Insert into INVESTIGACION (ID_INVESTIGACION,TITULO,DIRECCION,ANO,PARTICIPACION,EXP_PARTICIPA,ESCUELA,ESTADO) values ('VICINESANA00015','titulo api 1','28','26/4/2020','SI',null,'3','0');
Insert into INVESTIGACION (ID_INVESTIGACION,TITULO,DIRECCION,ANO,PARTICIPACION,EXP_PARTICIPA,ESCUELA,ESTADO) values ('VICINESANA00022','asdsa 27','32','12/7/2020','SI',null,'3','0');
Insert into INVESTIGACION (ID_INVESTIGACION,TITULO,DIRECCION,ANO,PARTICIPACION,EXP_PARTICIPA,ESCUELA,ESTADO) values ('VICINESANA00041','prueba form','28','19/5/2020','NO',null,'3','0');
Insert into INVESTIGACION (ID_INVESTIGACION,TITULO,DIRECCION,ANO,PARTICIPACION,EXP_PARTICIPA,ESCUELA,ESTADO) values ('VICINESANA00023','asdsa 27','32','12/7/2020','SI',null,'3','0');
Insert into INVESTIGACION (ID_INVESTIGACION,TITULO,DIRECCION,ANO,PARTICIPACION,EXP_PARTICIPA,ESCUELA,ESTADO) values ('VICINESANA00017','titulo api 3','28','26/4/2020','SI',null,'3','0');
Insert into INVESTIGACION (ID_INVESTIGACION,TITULO,DIRECCION,ANO,PARTICIPACION,EXP_PARTICIPA,ESCUELA,ESTADO) values ('VICINESANT065','prueba form ','29','24/5/2020','SI','asdasdsa','4','0');
Insert into INVESTIGACION (ID_INVESTIGACION,TITULO,DIRECCION,ANO,PARTICIPACION,EXP_PARTICIPA,ESCUELA,ESTADO) values ('VICINESANA00016','titulo api 3','28','26/4/2020','SI',null,'3','0');
Insert into INVESTIGACION (ID_INVESTIGACION,TITULO,DIRECCION,ANO,PARTICIPACION,EXP_PARTICIPA,ESCUELA,ESTADO) values ('VICINESANA00018','titulo api 3','28','26/4/2020','SI',null,'3','0');
Insert into INVESTIGACION (ID_INVESTIGACION,TITULO,DIRECCION,ANO,PARTICIPACION,EXP_PARTICIPA,ESCUELA,ESTADO) values ('VICINESANA00019','titulo api 3','28','26/4/2020','SI',null,'3','0');
Insert into INVESTIGACION (ID_INVESTIGACION,TITULO,DIRECCION,ANO,PARTICIPACION,EXP_PARTICIPA,ESCUELA,ESTADO) values ('VICINESANA00020','titulo api 3','28','26/4/2020','SI',null,'3','0');
Insert into INVESTIGACION (ID_INVESTIGACION,TITULO,DIRECCION,ANO,PARTICIPACION,EXP_PARTICIPA,ESCUELA,ESTADO) values ('VICINESANA00062','prueba 23 ','28','23/5/2020','NO',null,'3','0');
Insert into INVESTIGACION (ID_INVESTIGACION,TITULO,DIRECCION,ANO,PARTICIPACION,EXP_PARTICIPA,ESCUELA,ESTADO) values ('VICINESANA00064','prueba 23 ','28','23/5/2020','NO',null,'3','0');
Insert into INVESTIGACION (ID_INVESTIGACION,TITULO,DIRECCION,ANO,PARTICIPACION,EXP_PARTICIPA,ESCUELA,ESTADO) values ('VICINESANA00014','titulo api 1','28','26/4/2020','SI',null,'3','0');
Insert into INVESTIGACION (ID_INVESTIGACION,TITULO,DIRECCION,ANO,PARTICIPACION,EXP_PARTICIPA,ESCUELA,ESTADO) values ('VICINESANA00063','prueba 23 ','28','23/5/2020','NO',null,'3','0');
 --  Constraints for Table AREA
--------------------------------------------------------

  ALTER TABLE "AREA" MODIFY ("ID_AREA" NOT NULL ENABLE);
  ALTER TABLE "AREA" MODIFY ("NOMBRE" NOT NULL ENABLE);
  ALTER TABLE "AREA" ADD CONSTRAINT "AREA_PK" PRIMARY KEY ("ID_AREA")
  USING INDEX PCTFREE 10 INITRANS 2 MAXTRANS 255 COMPUTE STATISTICS 
  STORAGE(INITIAL 65536 NEXT 1048576 MINEXTENTS 1 MAXEXTENTS 2147483645
  PCTINCREASE 0 FREELISTS 1 FREELIST GROUPS 1
  BUFFER_POOL DEFAULT FLASH_CACHE DEFAULT CELL_FLASH_CACHE DEFAULT)
  TABLESPACE "USERS"  ENABLE;
--------------------------------------------------------
--  Constraints for Table USUARIOS
--------------------------------------------------------

  ALTER TABLE "USUARIOS" MODIFY ("ID_USUARIO" NOT NULL ENABLE);
  ALTER TABLE "USUARIOS" MODIFY ("ID_TIPO_DOCUMENTO" NOT NULL ENABLE);
  ALTER TABLE "USUARIOS" MODIFY ("DOCUMENTO" NOT NULL ENABLE);
  ALTER TABLE "USUARIOS" MODIFY ("NOMBRES" NOT NULL ENABLE);
  ALTER TABLE "USUARIOS" MODIFY ("APELLIDOS" NOT NULL ENABLE);
  ALTER TABLE "USUARIOS" MODIFY ("ID_GRADO" NOT NULL ENABLE);
  ALTER TABLE "USUARIOS" MODIFY ("ID_UNIDAD" NOT NULL ENABLE);
  ALTER TABLE "USUARIOS" MODIFY ("EMAIL" NOT NULL ENABLE);
  ALTER TABLE "USUARIOS" MODIFY ("CONTRASENA" NOT NULL ENABLE);
  ALTER TABLE "USUARIOS" ADD CONSTRAINT "USUARIOS_PK" PRIMARY KEY ("ID_USUARIO")
  USING INDEX PCTFREE 10 INITRANS 2 MAXTRANS 255 COMPUTE STATISTICS 
  STORAGE(INITIAL 65536 NEXT 1048576 MINEXTENTS 1 MAXEXTENTS 2147483645
  PCTINCREASE 0 FREELISTS 1 FREELIST GROUPS 1
  BUFFER_POOL DEFAULT FLASH_CACHE DEFAULT CELL_FLASH_CACHE DEFAULT)
  TABLESPACE "USERS"  ENABLE;
--------------------------------------------------------
--  Constraints for Table RED_INVESTIGACION
--------------------------------------------------------

  ALTER TABLE "RED_INVESTIGACION" MODIFY ("ID_RED" NOT NULL ENABLE);
  ALTER TABLE "RED_INVESTIGACION" MODIFY ("NOMBRE_RED" NOT NULL ENABLE);
  ALTER TABLE "RED_INVESTIGACION" MODIFY ("ENTIDAD" NOT NULL ENABLE);
  ALTER TABLE "RED_INVESTIGACION" ADD CONSTRAINT "RED_INVESTIGACION_PK" PRIMARY KEY ("ID_RED")
  USING INDEX PCTFREE 10 INITRANS 2 MAXTRANS 255 COMPUTE STATISTICS 
  STORAGE(INITIAL 65536 NEXT 1048576 MINEXTENTS 1 MAXEXTENTS 2147483645
  PCTINCREASE 0 FREELISTS 1 FREELIST GROUPS 1
  BUFFER_POOL DEFAULT FLASH_CACHE DEFAULT CELL_FLASH_CACHE DEFAULT)
  TABLESPACE "USERS"  ENABLE;
--------------------------------------------------------
--  Constraints for Table TIPO
--------------------------------------------------------

  ALTER TABLE "TIPO" MODIFY ("ID_TIPO" NOT NULL ENABLE);
  ALTER TABLE "TIPO" MODIFY ("DESCRIPCION" NOT NULL ENABLE);
  ALTER TABLE "TIPO" ADD CONSTRAINT "TIPO_PK" PRIMARY KEY ("ID_TIPO")
  USING INDEX PCTFREE 10 INITRANS 2 MAXTRANS 255 COMPUTE STATISTICS 
  STORAGE(INITIAL 65536 NEXT 1048576 MINEXTENTS 1 MAXEXTENTS 2147483645
  PCTINCREASE 0 FREELISTS 1 FREELIST GROUPS 1
  BUFFER_POOL DEFAULT FLASH_CACHE DEFAULT CELL_FLASH_CACHE DEFAULT)
  TABLESPACE "USERS"  ENABLE;
--------------------------------------------------------
--  Constraints for Table LINEA
--------------------------------------------------------

  ALTER TABLE "LINEA" MODIFY ("ID_LINEA" NOT NULL ENABLE);
  ALTER TABLE "LINEA" MODIFY ("NOMBRE" NOT NULL ENABLE);
  ALTER TABLE "LINEA" ADD CONSTRAINT "LINEA_PK" PRIMARY KEY ("ID_LINEA")
  USING INDEX PCTFREE 10 INITRANS 2 MAXTRANS 255 COMPUTE STATISTICS 
  STORAGE(INITIAL 65536 NEXT 1048576 MINEXTENTS 1 MAXEXTENTS 2147483645
  PCTINCREASE 0 FREELISTS 1 FREELIST GROUPS 1
  BUFFER_POOL DEFAULT FLASH_CACHE DEFAULT CELL_FLASH_CACHE DEFAULT)
  TABLESPACE "USERS"  ENABLE;
--------------------------------------------------------
--  Constraints for Table ESTIMULOS_SEMILLERO
--------------------------------------------------------

  ALTER TABLE "ESTIMULOS_SEMILLERO" MODIFY ("ID_SEMILLERO" NOT NULL ENABLE);
  ALTER TABLE "ESTIMULOS_SEMILLERO" MODIFY ("CONDECORACIONES" NOT NULL ENABLE);
  ALTER TABLE "ESTIMULOS_SEMILLERO" MODIFY ("FELICITACIONES" NOT NULL ENABLE);
  ALTER TABLE "ESTIMULOS_SEMILLERO" MODIFY ("PERSONAJE_MES" NOT NULL ENABLE);
  ALTER TABLE "ESTIMULOS_SEMILLERO" MODIFY ("PERMISO" NOT NULL ENABLE);
  ALTER TABLE "ESTIMULOS_SEMILLERO" MODIFY ("ESTATUILLAS" NOT NULL ENABLE);
  ALTER TABLE "ESTIMULOS_SEMILLERO" MODIFY ("MONEDAS" NOT NULL ENABLE);
  ALTER TABLE "ESTIMULOS_SEMILLERO" MODIFY ("CAPACITACIONES" NOT NULL ENABLE);
  ALTER TABLE "ESTIMULOS_SEMILLERO" ADD CONSTRAINT "ESTIMULOS_SEMILLERO_PK" PRIMARY KEY ("ID_SEMILLERO")
  USING INDEX PCTFREE 10 INITRANS 2 MAXTRANS 255 COMPUTE STATISTICS 
  TABLESPACE "USERS"  ENABLE;
--------------------------------------------------------
--  Constraints for Table ESTIMULOS_INVESTIGACION
--------------------------------------------------------

  ALTER TABLE "ESTIMULOS_INVESTIGACION" MODIFY ("ID_INVESTIGACION" NOT NULL ENABLE);
--------------------------------------------------------
--  Constraints for Table AREA_LINEA_SEMILLERO
--------------------------------------------------------

  ALTER TABLE "AREA_LINEA_SEMILLERO" MODIFY ("ID_SEMILLERO" NOT NULL ENABLE);
  ALTER TABLE "AREA_LINEA_SEMILLERO" MODIFY ("ID_AREA" NOT NULL ENABLE);
  ALTER TABLE "AREA_LINEA_SEMILLERO" MODIFY ("ID_LINEA" NOT NULL ENABLE);
  ALTER TABLE "AREA_LINEA_SEMILLERO" ADD CONSTRAINT "AREA_LINEA_SEMILLERO_PK" PRIMARY KEY ("ID_SEMILLERO", "ID_AREA", "ID_LINEA")
  USING INDEX PCTFREE 10 INITRANS 2 MAXTRANS 255 COMPUTE STATISTICS 
  TABLESPACE "USERS"  ENABLE;
--------------------------------------------------------
--  Constraints for Table AREA_LINEA
--------------------------------------------------------

  ALTER TABLE "AREA_LINEA" MODIFY ("ID_AREA" NOT NULL ENABLE);
  ALTER TABLE "AREA_LINEA" MODIFY ("ID_LINEA" NOT NULL ENABLE);
  ALTER TABLE "AREA_LINEA" ADD CONSTRAINT "AREA_LINEA_PK" PRIMARY KEY ("ID_AREA", "ID_LINEA")
  USING INDEX PCTFREE 10 INITRANS 2 MAXTRANS 255 COMPUTE STATISTICS 
  STORAGE(INITIAL 65536 NEXT 1048576 MINEXTENTS 1 MAXEXTENTS 2147483645
  PCTINCREASE 0 FREELISTS 1 FREELIST GROUPS 1
  BUFFER_POOL DEFAULT FLASH_CACHE DEFAULT CELL_FLASH_CACHE DEFAULT)
  TABLESPACE "USERS"  ENABLE;
--------------------------------------------------------
--  Constraints for Table INVESTIGADORES_INVESTIGACION
--------------------------------------------------------

  ALTER TABLE "INVESTIGADORES_INVESTIGACION" MODIFY ("ID_INVESTIGACION" NOT NULL ENABLE);
  ALTER TABLE "INVESTIGADORES_INVESTIGACION" MODIFY ("ID_INVESTIGADOR" NOT NULL ENABLE);
  ALTER TABLE "INVESTIGADORES_INVESTIGACION" ADD CONSTRAINT "INVESTIGADORES_INVESTIGACION_PK" PRIMARY KEY ("ID_INVESTIGACION", "ID_INVESTIGADOR")
  USING INDEX PCTFREE 10 INITRANS 2 MAXTRANS 255 COMPUTE STATISTICS 
  STORAGE(INITIAL 65536 NEXT 1048576 MINEXTENTS 1 MAXEXTENTS 2147483645
  PCTINCREASE 0 FREELISTS 1 FREELIST GROUPS 1
  BUFFER_POOL DEFAULT FLASH_CACHE DEFAULT CELL_FLASH_CACHE DEFAULT)
  TABLESPACE "USERS"  ENABLE;
--------------------------------------------------------
--  Constraints for Table EVENTOS_SEMILLERO
--------------------------------------------------------

  ALTER TABLE "EVENTOS_SEMILLERO" MODIFY ("ID_SEMILLERO" NOT NULL ENABLE);
  ALTER TABLE "EVENTOS_SEMILLERO" MODIFY ("TIPO" NOT NULL ENABLE);
  ALTER TABLE "EVENTOS_SEMILLERO" MODIFY ("PARTICIPACION" NOT NULL ENABLE);
  ALTER TABLE "EVENTOS_SEMILLERO" MODIFY ("FECHA" NOT NULL ENABLE);
  ALTER TABLE "EVENTOS_SEMILLERO" MODIFY ("TIPO_REGION" NOT NULL ENABLE);
  ALTER TABLE "EVENTOS_SEMILLERO" MODIFY ("DESC_REGION" NOT NULL ENABLE);
  ALTER TABLE "EVENTOS_SEMILLERO" MODIFY ("DESC_SUBREGION" NOT NULL ENABLE);
  ALTER TABLE "EVENTOS_SEMILLERO" ADD CONSTRAINT "EVENTOS_SEMILLERO_PK" PRIMARY KEY ("ID_SEMILLERO")
  USING INDEX PCTFREE 10 INITRANS 2 MAXTRANS 255 COMPUTE STATISTICS 
  TABLESPACE "USERS"  ENABLE;
--------------------------------------------------------
--  Constraints for Table CASO_EMBLEMATICO
--------------------------------------------------------

  ALTER TABLE "CASO_EMBLEMATICO" MODIFY ("ID_CASO" NOT NULL ENABLE);
  ALTER TABLE "CASO_EMBLEMATICO" MODIFY ("NOMBRE_CASO" NOT NULL ENABLE);
  ALTER TABLE "CASO_EMBLEMATICO" ADD CONSTRAINT "CASO_EMBLEMATICO_PK" PRIMARY KEY ("ID_CASO")
  USING INDEX PCTFREE 10 INITRANS 2 MAXTRANS 255 COMPUTE STATISTICS 
  STORAGE(INITIAL 65536 NEXT 1048576 MINEXTENTS 1 MAXEXTENTS 2147483645
  PCTINCREASE 0 FREELISTS 1 FREELIST GROUPS 1
  BUFFER_POOL DEFAULT FLASH_CACHE DEFAULT CELL_FLASH_CACHE DEFAULT)
  TABLESPACE "USERS"  ENABLE;
--------------------------------------------------------
--  Constraints for Table EVENTOS_INVESTIGACION
--------------------------------------------------------

  ALTER TABLE "EVENTOS_INVESTIGACION" MODIFY ("ID_INVESTIGACION" NOT NULL ENABLE);
  ALTER TABLE "EVENTOS_INVESTIGACION" ADD CONSTRAINT "EVENTOS_INVESTIGACION_PK" PRIMARY KEY ("ID_INVESTIGACION")
  USING INDEX PCTFREE 10 INITRANS 2 MAXTRANS 255 COMPUTE STATISTICS 
  STORAGE(INITIAL 65536 NEXT 1048576 MINEXTENTS 1 MAXEXTENTS 2147483645
  PCTINCREASE 0 FREELISTS 1 FREELIST GROUPS 1
  BUFFER_POOL DEFAULT FLASH_CACHE DEFAULT CELL_FLASH_CACHE DEFAULT)
  TABLESPACE "USERS"  ENABLE;
--------------------------------------------------------
--  Constraints for Table INVESTIGADOR_CASO_EMB
--------------------------------------------------------

  ALTER TABLE "INVESTIGADOR_CASO_EMB" MODIFY ("ID_CASO" NOT NULL ENABLE);
  ALTER TABLE "INVESTIGADOR_CASO_EMB" MODIFY ("ID_INVESTIGADOR" NOT NULL ENABLE);
  ALTER TABLE "INVESTIGADOR_CASO_EMB" ADD CONSTRAINT "INVESTIGADOR_CASO_EMB_PK" PRIMARY KEY ("ID_CASO", "ID_INVESTIGADOR")
  USING INDEX PCTFREE 10 INITRANS 2 MAXTRANS 255 COMPUTE STATISTICS 
  TABLESPACE "USERS"  ENABLE;
--------------------------------------------------------
--  Constraints for Table AREA_LINEA_INVESTIGACION
--------------------------------------------------------

  ALTER TABLE "AREA_LINEA_INVESTIGACION" ADD CONSTRAINT "AREA_LINEA_INVESTIGACION_PK" PRIMARY KEY ("ID_INVESTIGACION", "ID_AREA", "ID_LINEA")
  USING INDEX PCTFREE 10 INITRANS 2 MAXTRANS 255 COMPUTE STATISTICS 
  STORAGE(INITIAL 65536 NEXT 1048576 MINEXTENTS 1 MAXEXTENTS 2147483645
  PCTINCREASE 0 FREELISTS 1 FREELIST GROUPS 1
  BUFFER_POOL DEFAULT FLASH_CACHE DEFAULT CELL_FLASH_CACHE DEFAULT)
  TABLESPACE "USERS"  ENABLE;
  ALTER TABLE "AREA_LINEA_INVESTIGACION" MODIFY ("ID_INVESTIGACION" NOT NULL ENABLE);
  ALTER TABLE "AREA_LINEA_INVESTIGACION" MODIFY ("ID_AREA" NOT NULL ENABLE);
  ALTER TABLE "AREA_LINEA_INVESTIGACION" MODIFY ("ID_LINEA" NOT NULL ENABLE);
--------------------------------------------------------
--  Constraints for Table PRESUPUESTO_INVESTIGACION
--------------------------------------------------------

  ALTER TABLE "PRESUPUESTO_INVESTIGACION" MODIFY ("ID_INVESTIGACION" NOT NULL ENABLE);
--------------------------------------------------------
--  Constraints for Table INVESTIGADOR
--------------------------------------------------------

  ALTER TABLE "INVESTIGADOR" MODIFY ("ID_INVESTIGADOR" NOT NULL ENABLE);
  ALTER TABLE "INVESTIGADOR" MODIFY ("ID_GRADO" NOT NULL ENABLE);
  ALTER TABLE "INVESTIGADOR" MODIFY ("DOCUMENTO" NOT NULL ENABLE);
  ALTER TABLE "INVESTIGADOR" MODIFY ("NOMBRES" NOT NULL ENABLE);
  ALTER TABLE "INVESTIGADOR" MODIFY ("APELLIDOS" NOT NULL ENABLE);
  ALTER TABLE "INVESTIGADOR" MODIFY ("EMAIL" NOT NULL ENABLE);
  ALTER TABLE "INVESTIGADOR" MODIFY ("TELEFONO" NOT NULL ENABLE);
  ALTER TABLE "INVESTIGADOR" MODIFY ("DIRECCION" NOT NULL ENABLE);
  ALTER TABLE "INVESTIGADOR" MODIFY ("ESTUDIOS" NOT NULL ENABLE);
  ALTER TABLE "INVESTIGADOR" MODIFY ("CATEGORIZADO" NOT NULL ENABLE);
  ALTER TABLE "INVESTIGADOR" MODIFY ("PROFESOR" NOT NULL ENABLE);
  ALTER TABLE "INVESTIGADOR" MODIFY ("ESTUDIANTE" NOT NULL ENABLE);
  ALTER TABLE "INVESTIGADOR" ADD CONSTRAINT "INVESTIGADOR_PK" PRIMARY KEY ("ID_INVESTIGADOR")
  USING INDEX PCTFREE 10 INITRANS 2 MAXTRANS 255 COMPUTE STATISTICS 
  STORAGE(INITIAL 65536 NEXT 1048576 MINEXTENTS 1 MAXEXTENTS 2147483645
  PCTINCREASE 0 FREELISTS 1 FREELIST GROUPS 1
  BUFFER_POOL DEFAULT FLASH_CACHE DEFAULT CELL_FLASH_CACHE DEFAULT)
  TABLESPACE "USERS"  ENABLE;
--------------------------------------------------------
--  Constraints for Table PARAMETRO
--------------------------------------------------------

  ALTER TABLE "PARAMETRO" MODIFY ("ID_PARAMETRO" NOT NULL ENABLE);
  ALTER TABLE "PARAMETRO" MODIFY ("TAG" NOT NULL ENABLE);
  ALTER TABLE "PARAMETRO" MODIFY ("ESTADO" NOT NULL ENABLE);
--------------------------------------------------------
--  Constraints for Table GRADO
--------------------------------------------------------

  ALTER TABLE "GRADO" MODIFY ("ID_GRADO" NOT NULL ENABLE);
  ALTER TABLE "GRADO" MODIFY ("DESCRIPCION" NOT NULL ENABLE);
  ALTER TABLE "GRADO" ADD CONSTRAINT "GRADO_PK" PRIMARY KEY ("ID_GRADO")
  USING INDEX PCTFREE 10 INITRANS 2 MAXTRANS 255 COMPUTE STATISTICS 
  STORAGE(INITIAL 65536 NEXT 1048576 MINEXTENTS 1 MAXEXTENTS 2147483645
  PCTINCREASE 0 FREELISTS 1 FREELIST GROUPS 1
  BUFFER_POOL DEFAULT FLASH_CACHE DEFAULT CELL_FLASH_CACHE DEFAULT)
  TABLESPACE "USERS"  ENABLE;
--------------------------------------------------------
--  Constraints for Table SEMILLERO
--------------------------------------------------------

  ALTER TABLE "SEMILLERO" MODIFY ("ID_SEMILLERO" NOT NULL ENABLE);
  ALTER TABLE "SEMILLERO" MODIFY ("NOMBRE_SEMILLERO" NOT NULL ENABLE);
  ALTER TABLE "SEMILLERO" MODIFY ("ID_UNIDAD" NOT NULL ENABLE);
  ALTER TABLE "SEMILLERO" ADD CONSTRAINT "SEMILLERO_PK" PRIMARY KEY ("ID_SEMILLERO")
  USING INDEX PCTFREE 10 INITRANS 2 MAXTRANS 255 COMPUTE STATISTICS 
  TABLESPACE "USERS"  ENABLE;
--------------------------------------------------------
--  Constraints for Table PRODUCTO_INVESTIGACION
--------------------------------------------------------

  ALTER TABLE "PRODUCTO_INVESTIGACION" MODIFY ("ID_INVESTIGACION" NOT NULL ENABLE);
  ALTER TABLE "PRODUCTO_INVESTIGACION" MODIFY ("TIPO_PRODUCTO" NOT NULL ENABLE);
  ALTER TABLE "PRODUCTO_INVESTIGACION" ADD CONSTRAINT "PRODUCTO_INVESTIGACION_PK" PRIMARY KEY ("ID_INVESTIGACION", "TIPO_PRODUCTO")
  USING INDEX (CREATE UNIQUE INDEX "PRODUCTO_INVESTIGACION_PK1" ON "PRODUCTO_INVESTIGACION" ("ID_INVESTIGACION", "TIPO_PRODUCTO") 
  PCTFREE 10 INITRANS 2 MAXTRANS 255 COMPUTE STATISTICS 
  STORAGE(INITIAL 65536 NEXT 1048576 MINEXTENTS 1 MAXEXTENTS 2147483645
  PCTINCREASE 0 FREELISTS 1 FREELIST GROUPS 1
  BUFFER_POOL DEFAULT FLASH_CACHE DEFAULT CELL_FLASH_CACHE DEFAULT)
  TABLESPACE "USERS" )  ENABLE;
--------------------------------------------------------
--  Constraints for Table TIPO_DOCUMENTO
--------------------------------------------------------

  ALTER TABLE "TIPO_DOCUMENTO" MODIFY ("ID_TIPO_DOCUMENTO" NOT NULL ENABLE);
  ALTER TABLE "TIPO_DOCUMENTO" MODIFY ("VALOR" NOT NULL ENABLE);
  ALTER TABLE "TIPO_DOCUMENTO" MODIFY ("DESCRIPCION" NOT NULL ENABLE);
  ALTER TABLE "TIPO_DOCUMENTO" ADD CONSTRAINT "TIPO_DOCUMENTO_PK" PRIMARY KEY ("ID_TIPO_DOCUMENTO")
  USING INDEX PCTFREE 10 INITRANS 2 MAXTRANS 255 COMPUTE STATISTICS 
  STORAGE(INITIAL 65536 NEXT 1048576 MINEXTENTS 1 MAXEXTENTS 2147483645
  PCTINCREASE 0 FREELISTS 1 FREELIST GROUPS 1
  BUFFER_POOL DEFAULT FLASH_CACHE DEFAULT CELL_FLASH_CACHE DEFAULT)
  TABLESPACE "USERS"  ENABLE;
--------------------------------------------------------
--  Constraints for Table UNIDAD
--------------------------------------------------------

  ALTER TABLE "UNIDAD" MODIFY ("ID_UNIDAD" NOT NULL ENABLE);
  ALTER TABLE "UNIDAD" MODIFY ("SIGLA" NOT NULL ENABLE);
  ALTER TABLE "UNIDAD" MODIFY ("DESCRIPCION" NOT NULL ENABLE);
  ALTER TABLE "UNIDAD" MODIFY ("ID_TIPO" NOT NULL ENABLE);
  ALTER TABLE "UNIDAD" ADD CONSTRAINT "UNIDAD_PK" PRIMARY KEY ("ID_UNIDAD")
  USING INDEX PCTFREE 10 INITRANS 2 MAXTRANS 255 COMPUTE STATISTICS 
  STORAGE(INITIAL 65536 NEXT 1048576 MINEXTENTS 1 MAXEXTENTS 2147483645
  PCTINCREASE 0 FREELISTS 1 FREELIST GROUPS 1
  BUFFER_POOL DEFAULT FLASH_CACHE DEFAULT CELL_FLASH_CACHE DEFAULT)
  TABLESPACE "USERS"  ENABLE;
--------------------------------------------------------
--  Constraints for Table INVESTIGADORES_SEMILLERO
--------------------------------------------------------

  ALTER TABLE "INVESTIGADORES_SEMILLERO" MODIFY ("ID_SEMILLERO" NOT NULL ENABLE);
  ALTER TABLE "INVESTIGADORES_SEMILLERO" MODIFY ("ID_INVESTIGADOR" NOT NULL ENABLE);
  ALTER TABLE "INVESTIGADORES_SEMILLERO" ADD CONSTRAINT "INVESTIGADORES_SEMILLERO_PK" PRIMARY KEY ("ID_SEMILLERO", "ID_INVESTIGADOR")
  USING INDEX PCTFREE 10 INITRANS 2 MAXTRANS 255 COMPUTE STATISTICS 
  TABLESPACE "USERS"  ENABLE;
--------------------------------------------------------
--  Constraints for Table INVESTIGACION
--------------------------------------------------------

  ALTER TABLE "INVESTIGACION" MODIFY ("ID_INVESTIGACION" NOT NULL ENABLE);
  ALTER TABLE "INVESTIGACION" MODIFY ("TITULO" NOT NULL ENABLE);
  ALTER TABLE "INVESTIGACION" MODIFY ("DIRECCION" NOT NULL ENABLE);
  ALTER TABLE "INVESTIGACION" MODIFY ("ANO" NOT NULL ENABLE);
  ALTER TABLE "INVESTIGACION" MODIFY ("PARTICIPACION" NOT NULL ENABLE);
  ALTER TABLE "INVESTIGACION" ADD CONSTRAINT "INVESTIGACION_PK" PRIMARY KEY ("ID_INVESTIGACION")
  USING INDEX PCTFREE 10 INITRANS 2 MAXTRANS 255 COMPUTE STATISTICS 
  STORAGE(INITIAL 65536 NEXT 1048576 MINEXTENTS 1 MAXEXTENTS 2147483645
  PCTINCREASE 0 FREELISTS 1 FREELIST GROUPS 1
  BUFFER_POOL DEFAULT FLASH_CACHE DEFAULT CELL_FLASH_CACHE DEFAULT)
  TABLESPACE "USERS"  ENABLE;
--------------------------------------------------------
--  Ref Constraints for Table USUARIOS
--------------------------------------------------------

  ALTER TABLE "USUARIOS" ADD CONSTRAINT "USUARIOS_FK1" FOREIGN KEY ("ID_GRADO")
	  REFERENCES "GRADO" ("ID_GRADO") ENABLE;
  ALTER TABLE "USUARIOS" ADD CONSTRAINT "USUARIOS_FK2" FOREIGN KEY ("ID_UNIDAD")
	  REFERENCES "UNIDAD" ("ID_UNIDAD") ENABLE;
--------------------------------------------------------
--  Ref Constraints for Table AREA_LINEA
--------------------------------------------------------

  ALTER TABLE "AREA_LINEA" ADD CONSTRAINT "AREA_LINEA_FK1" FOREIGN KEY ("ID_AREA")
	  REFERENCES "AREA" ("ID_AREA") ENABLE;
  ALTER TABLE "AREA_LINEA" ADD CONSTRAINT "AREA_LINEA_FK2" FOREIGN KEY ("ID_LINEA")
	  REFERENCES "LINEA" ("ID_LINEA") ENABLE;
--------------------------------------------------------
--  Ref Constraints for Table INVESTIGADORES_INVESTIGACION
--------------------------------------------------------

  ALTER TABLE "INVESTIGADORES_INVESTIGACION" ADD CONSTRAINT "INVESTIGADORES_INVESTIGACION_FK1" FOREIGN KEY ("ID_INVESTIGACION")
	  REFERENCES "INVESTIGACION" ("ID_INVESTIGACION") ENABLE;
  ALTER TABLE "INVESTIGADORES_INVESTIGACION" ADD CONSTRAINT "INVESTIGADORES_INVESTIGACION_FK2" FOREIGN KEY ("ID_INVESTIGADOR")
	  REFERENCES "INVESTIGADOR" ("ID_INVESTIGADOR") ENABLE;
--------------------------------------------------------
--  Ref Constraints for Table AREA_LINEA_INVESTIGACION
--------------------------------------------------------

  ALTER TABLE "AREA_LINEA_INVESTIGACION" ADD CONSTRAINT "AREA_LINEA_INVESTIGACION_FK1" FOREIGN KEY ("ID_AREA", "ID_LINEA")
	  REFERENCES "AREA_LINEA" ("ID_AREA", "ID_LINEA") ENABLE;
--------------------------------------------------------
--  Ref Constraints for Table INVESTIGADOR
--------------------------------------------------------

  ALTER TABLE "INVESTIGADOR" ADD CONSTRAINT "INVESTIGADOR_FK1" FOREIGN KEY ("ID_GRADO")
	  REFERENCES "GRADO" ("ID_GRADO") ENABLE;
--------------------------------------------------------
--  Ref Constraints for Table UNIDAD
--------------------------------------------------------

  ALTER TABLE "UNIDAD" ADD CONSTRAINT "UNIDAD_FK1" FOREIGN KEY ("ID_UNIDAD")
	  REFERENCES "UNIDAD" ("ID_UNIDAD") ENABLE;
--------------------------------------------------------
--  Ref Constraints for Table INVESTIGACION
--------------------------------------------------------

  ALTER TABLE "INVESTIGACION" ADD CONSTRAINT "INVESTIGACION_FK1" FOREIGN KEY ("DIRECCION")
	  REFERENCES "UNIDAD" ("ID_UNIDAD") ENABLE;
